target_id,target,sport,work_package,status,evidence,source,source_date,capabilities_validated,backend_tests,frontend_tests,device_tests,blocker_or_notes
espn:australian-football:afl,AFL,australian-football,W3-new-sports,limited,docs/sports-coverage/evidence/australian-football--afl.json,https://site.api.espn.com/apis/site/v2/sports/australian-football/afl/scoreboard,2026-09-24T21:02:08.776067+00:00,schedule,provider-fixture-only; integration-not-run,not-run,not-run,Dated current/relevant-season named-participant schedule sample verified; completeness and live transitions unverified.
espn:baseball:caribbean-series,Caribbean Series,baseball,W2-team-and-soccer,limited,docs/sports-coverage/evidence/baseball--caribbean-series.json,https://site.api.espn.com/apis/site/v2/sports/baseball/caribbean-series/scoreboard,2026-09-24T21:02:08.776205+00:00,schedule;final-result,provider-fixture-only; integration-not-run,not-run,not-run,Dated current/relevant-season named-participant sample verified; live transitions and season completeness unverified.
espn:baseball:college-baseball,NCAA Baseball,baseball,W2-team-and-soccer,limited,docs/sports-coverage/evidence/baseball--college-baseball.json,https://site.api.espn.com/apis/site/v2/sports/baseball/college-baseball/scoreboard,2026-09-24T21:02:08.776334+00:00,schedule;final-result;period-detail,provider-fixture-only; integration-not-run,not-run,not-run,Dated current/relevant-season named-participant schedule sample verified; completeness and live transitions unverified.
espn:baseball:college-softball,NCAA Softball,baseball,W2-team-and-soccer,limited,docs/sports-coverage/evidence/baseball--college-softball.json,https://site.api.espn.com/apis/site/v2/sports/baseball/college-softball/scoreboard,2026-09-24T21:02:08.776457+00:00,schedule;final-result,provider-fixture-only; integration-not-run,not-run,not-run,Dated current/relevant-season named-participant sample verified; live transitions and season completeness unverified.
espn:baseball:dominican-winter-league,Dominican Winter League,baseball,W2-team-and-soccer,candidate,docs/sports-coverage/evidence/baseball--dominican-winter-league.json,https://site.api.espn.com/apis/site/v2/sports/baseball/dominican-winter-league/scoreboard,2026-09-24T21:02:09.753771+00:00,,provider-fixture-only; integration-not-run,not-run,not-run,"Default sample is dated 2014-01-29T22:35Z; tested2026 query yields 0 events and 0 named participant records, without a usable2026 sample. Competition retirement or alias identity is not established. Resolve current official competition calendar and an authorized source; if cyclical, corroborate edition before archival/history classification. Do not poll this candidate as current."
espn:baseball:llb,Little League Baseball,baseball,W2-team-and-soccer,limited,docs/sports-coverage/evidence/baseball--llb.json,https://site.api.espn.com/apis/site/v2/sports/baseball/llb/scoreboard,2026-09-24T21:02:09.754014+00:00,schedule;final-result,provider-fixture-only; integration-not-run,not-run,not-run,Dated current/relevant-season named-participant schedule sample verified; completeness and live transitions unverified.
espn:baseball:lls,Little League Softball,baseball,W2-team-and-soccer,limited,docs/sports-coverage/evidence/baseball--lls.json,https://site.api.espn.com/apis/site/v2/sports/baseball/lls/scoreboard,2026-09-24T21:02:09.779678+00:00,schedule;final-result,provider-fixture-only; integration-not-run,not-run,not-run,Dated current/relevant-season named-participant schedule sample verified; completeness and live transitions unverified.
espn:baseball:mexican-winter-league,Mexican League,baseball,W2-team-and-soccer,candidate,docs/sports-coverage/evidence/baseball--mexican-winter-league.json,https://site.api.espn.com/apis/site/v2/sports/baseball/mexican-winter-league/scoreboard,2026-09-24T21:02:09.832833+00:00,,provider-fixture-only; integration-not-run,not-run,not-run,"Default sample is dated 2014-01-30T01:30Z; tested2026 query yields 0 events and 0 named participant records, without a usable2026 sample. Competition retirement or alias identity is not established. Resolve current official competition calendar and an authorized source; if cyclical, corroborate edition before archival/history classification. Do not poll this candidate as current."
espn:baseball:olympics-baseball,Olympics Men's Baseball,baseball,W2-team-and-soccer,archival,docs/sports-coverage/evidence/baseball--olympics-baseball.json,https://site.api.espn.com/apis/site/v2/sports/baseball/olympics-baseball/scoreboard,2026-09-24T21:02:10.668974+00:00,,provider-fixture-only; integration-not-run,not-run,not-run,"LA28 official program includes baseball, basketball, golf, rugby sevens and football in the 2028 summer edition. Existing provider samples are historical editions, not retired sports. Historical fixture retained; excluded from live refresh until a future edition is independently validated."
espn:baseball:puerto-rican-winter-league,Puerto Rican Winter League,baseball,W2-team-and-soccer,candidate,docs/sports-coverage/evidence/baseball--puerto-rican-winter-league.json,https://site.api.espn.com/apis/site/v2/sports/baseball/puerto-rican-winter-league/scoreboard,2026-09-24T21:02:10.750479+00:00,,provider-fixture-only; integration-not-run,not-run,not-run,"Default sample is dated 2014-01-28T22:15Z; tested2026 query yields 0 events and 0 named participant records, without a usable2026 sample. Competition retirement or alias identity is not established. Resolve current official competition calendar and an authorized source; if cyclical, corroborate edition before archival/history classification. Do not poll this candidate as current."
espn:baseball:venezuelan-winter-league,Venezuelan Winter League,baseball,W2-team-and-soccer,candidate,docs/sports-coverage/evidence/baseball--venezuelan-winter-league.json,https://site.api.espn.com/apis/site/v2/sports/baseball/venezuelan-winter-league/scoreboard,2026-09-24T21:02:10.825208+00:00,,provider-fixture-only; integration-not-run,not-run,not-run,"Default sample is dated 2014-01-31T00:00Z; tested2026 query yields 0 events and 0 named participant records, without a usable2026 sample. Competition retirement or alias identity is not established. Resolve current official competition calendar and an authorized source; if cyclical, corroborate edition before archival/history classification. Do not poll this candidate as current."
espn:baseball:world-baseball-classic,World Baseball Classic,baseball,W2-team-and-soccer,limited,docs/sports-coverage/evidence/baseball--world-baseball-classic.json,https://site.api.espn.com/apis/site/v2/sports/baseball/world-baseball-classic/scoreboard,2026-09-24T21:02:10.901622+00:00,schedule;final-result,provider-fixture-only; integration-not-run,not-run,not-run,Dated current/relevant-season named-participant sample verified; live transitions and season completeness unverified.
espn:basketball:fiba,FIBA World Cup,basketball,W2-team-and-soccer,limited,docs/sports-coverage/evidence/basketball--fiba.json,https://site.api.espn.com/apis/site/v2/sports/basketball/fiba/scoreboard,2026-09-24T21:02:11.635442+00:00,schedule;final-result;period-detail,provider-fixture-only; integration-not-run,not-run,not-run,Dated current/relevant-season named-participant schedule sample verified; completeness and live transitions unverified.
espn:basketball:mens-olympics-basketball,Olympics Men's Basketball,basketball,W2-team-and-soccer,archival,docs/sports-coverage/evidence/basketball--mens-olympics-basketball.json,https://site.api.espn.com/apis/site/v2/sports/basketball/mens-olympics-basketball/scoreboard,2026-09-24T21:02:11.706434+00:00,,provider-fixture-only; integration-not-run,not-run,not-run,"LA28 official program includes baseball, basketball, golf, rugby sevens and football in the 2028 summer edition. Existing provider samples are historical editions, not retired sports. Historical fixture retained; excluded from live refresh until a future edition is independently validated."
espn:basketball:nba-development,NBA G League,basketball,W2-team-and-soccer,limited,docs/sports-coverage/evidence/basketball--nba-development.json,https://site.api.espn.com/apis/site/v2/sports/basketball/nba-development/scoreboard,2026-09-24T21:02:11.853484+00:00,schedule,provider-fixture-only; integration-not-run,not-run,not-run,Dated current/relevant-season named-participant sample verified; live transitions and season completeness unverified.
espn:basketball:nba-summer-california,NBA California Classic Summer League,basketball,W2-team-and-soccer,limited,docs/sports-coverage/evidence/basketball--nba-summer-california.json,https://site.api.espn.com/apis/site/v2/sports/basketball/nba-summer-california/scoreboard,2026-09-24T21:02:11.985184+00:00,schedule;final-result;period-detail,provider-fixture-only; integration-not-run,not-run,not-run,Dated current/relevant-season named-participant schedule sample verified; completeness and live transitions unverified.
espn:basketball:nba-summer-golden-state,Golden State Summer League,basketball,W2-team-and-soccer,candidate,docs/sports-coverage/evidence/basketball--nba-summer-golden-state.json,https://site.api.espn.com/apis/site/v2/sports/basketball/nba-summer-golden-state/scoreboard,2026-09-24T21:02:12.616188+00:00,,provider-fixture-only; integration-not-run,not-run,not-run,"Default sample is dated 2022-07-05T19:00Z; tested2026 query yields 0 events and 0 named participant records, without a usable2026 sample. Competition retirement or alias identity is not established. Resolve current official competition calendar and an authorized source; if cyclical, corroborate edition before archival/history classification. Do not poll this candidate as current."
espn:basketball:nba-summer-las-vegas,Las Vegas Summer League,basketball,W2-team-and-soccer,limited,docs/sports-coverage/evidence/basketball--nba-summer-las-vegas.json,https://site.api.espn.com/apis/site/v2/sports/basketball/nba-summer-las-vegas/scoreboard,2026-09-24T21:02:12.717802+00:00,schedule;final-result;period-detail,provider-fixture-only; integration-not-run,not-run,not-run,Dated current/relevant-season named-participant schedule sample verified; completeness and live transitions unverified.
espn:basketball:nba-summer-orlando,Orlando Summer League,basketball,W2-team-and-soccer,candidate,docs/sports-coverage/evidence/basketball--nba-summer-orlando.json,https://site.api.espn.com/apis/site/v2/sports/basketball/nba-summer-orlando/scoreboard,2026-09-24T21:02:12.785461+00:00,,provider-fixture-only; integration-not-run,not-run,not-run,"Default sample is dated 2017-07-06T12:00Z; tested2026 query yields 0 events and 0 named participant records, without a usable2026 sample. Competition retirement or alias identity is not established. Resolve current official competition calendar and an authorized source; if cyclical, corroborate edition before archival/history classification. Do not poll this candidate as current."
espn:basketball:nba-summer-sacramento,Sacramento Summer League,basketball,W2-team-and-soccer,candidate,docs/sports-coverage/evidence/basketball--nba-summer-sacramento.json,https://site.api.espn.com/apis/site/v2/sports/basketball/nba-summer-sacramento/scoreboard,2026-09-24T21:02:12.937730+00:00,,provider-fixture-only; integration-not-run,not-run,not-run,"Default sample is dated 2024-07-10T23:00Z; tested2026 query yields 0 events and 0 named participant records, without a usable2026 sample. Competition retirement or alias identity is not established. Resolve current official competition calendar and an authorized source; if cyclical, corroborate edition before archival/history classification. Do not poll this candidate as current."
espn:basketball:nba-summer-utah,Salt Lake City Summer League,basketball,W2-team-and-soccer,limited,docs/sports-coverage/evidence/basketball--nba-summer-utah.json,https://site.api.espn.com/apis/site/v2/sports/basketball/nba-summer-utah/scoreboard,2026-09-24T21:02:13.585141+00:00,schedule;final-result;period-detail,provider-fixture-only; integration-not-run,not-run,not-run,Dated current/relevant-season named-participant schedule sample verified; completeness and live transitions unverified.
espn:basketball:nbl,National Basketball League,basketball,W2-team-and-soccer,limited,docs/sports-coverage/evidence/basketball--nbl.json,https://site.api.espn.com/apis/site/v2/sports/basketball/nbl/scoreboard,2026-09-24T21:02:13.718515+00:00,schedule;final-result;period-detail,provider-fixture-only; integration-not-run,not-run,not-run,Dated current/relevant-season named-participant schedule sample verified; completeness and live transitions unverified.
espn:basketball:womens-olympics-basketball,Olympics Women's Basketball,basketball,W2-team-and-soccer,archival,docs/sports-coverage/evidence/basketball--womens-olympics-basketball.json,https://site.api.espn.com/apis/site/v2/sports/basketball/womens-olympics-basketball/scoreboard,2026-09-24T21:02:13.760342+00:00,,provider-fixture-only; integration-not-run,not-run,not-run,"LA28 official program includes baseball, basketball, golf, rugby sevens and football in the 2028 summer edition. Existing provider samples are historical editions, not retired sports. Historical fixture retained; excluded from live refresh until a future edition is independently validated."
espn:field-hockey:womens-college-field-hockey,NCAA Women's Field Hockey,field-hockey,W3-new-sports,limited,docs/sports-coverage/evidence/field-hockey--womens-college-field-hockey.json,https://site.api.espn.com/apis/site/v2/sports/field-hockey/womens-college-field-hockey/scoreboard,2026-09-24T21:02:13.897493+00:00,schedule;final-result;period-detail,provider-fixture-only; integration-not-run,not-run,not-run,Dated current/relevant-season named-participant schedule sample verified; completeness and live transitions unverified.
espn:football:cfl,Canadian Football League,football,W6-source-resolution,limited,evidence/cfl-fixtures-2026.json; official full fixture validation in CFL work package,https://api.stats.cfl.ca/fixtures/2026,2026-09-24T21:02:14.541793+00:00,schedule;final-result,provider-fixture-only; see CFL adapter test evidence,not-run,not-run,Integrate tested official public CFL adapter; preserve legacy manifest canonical ID and record undocumented-interface limitation. ESPN feed remains stale.
espn:football:ufl,United Football League,football,W2-team-and-soccer,limited,docs/sports-coverage/evidence/football--ufl.json,https://site.api.espn.com/apis/site/v2/sports/football/ufl/scoreboard,2026-09-24T21:02:14.619636+00:00,schedule;final-result;period-detail,provider-fixture-only; integration-not-run,not-run,not-run,Dated current/relevant-season named-participant schedule sample verified; completeness and live transitions unverified.
espn:football:xfl,XFL,football,W2-team-and-soccer,archival,docs/sports-coverage/evidence/football--xfl.json,https://site.api.espn.com/apis/site/v2/sports/football/xfl/scoreboard,2026-09-24T21:02:14.837697+00:00,,provider-fixture-only; integration-not-run,not-run,not-run,Official UFL announcement establishes XFL/USFL merger into UFL for 2024. XFL2023 records remain distinct historical identity; do not merge event IDs. Historical fixture retained; excluded from live refresh until a future edition is independently validated.
espn:golf:champions-tour,PGA Tour Champions,golf,W4-golf,limited,docs/sports-coverage/evidence/golf--champions-tour.json,https://site.api.espn.com/apis/site/v2/sports/golf/champions-tour/scoreboard,2026-09-24T21:02:14.877160+00:00,schedule;final-result,provider-fixture-only; integration-not-run,not-run,not-run,Dated current/relevant-season named-participant sample verified; live transitions and season completeness unverified.
espn:golf:eur,DP World Tour,golf,W4-golf,limited,docs/sports-coverage/evidence/golf--eur.json,https://site.api.espn.com/apis/site/v2/sports/golf/eur/scoreboard,2026-09-24T21:02:15.526272+00:00,schedule;period-detail,provider-fixture-only; integration-not-run,not-run,not-run,Dated current/relevant-season named-participant schedule sample verified; completeness and live transitions unverified.
espn:golf:liv,LIV Golf Invitational Series,golf,W4-golf,limited,docs/sports-coverage/evidence/golf--liv.json,https://site.api.espn.com/apis/site/v2/sports/golf/liv/scoreboard,2026-09-24T21:02:15.666098+00:00,schedule;final-result,provider-fixture-only; integration-not-run,not-run,not-run,Dated current/relevant-season named-participant sample verified; live transitions and season completeness unverified.
espn:golf:lpga,Ladies Pro Golf Association,golf,W4-golf,limited,docs/sports-coverage/evidence/golf--lpga.json,https://site.api.espn.com/apis/site/v2/sports/golf/lpga/scoreboard,2026-09-24T21:02:15.882443+00:00,schedule;period-detail,provider-fixture-only; integration-not-run,not-run,not-run,Dated current/relevant-season named-participant schedule sample verified; completeness and live transitions unverified.
espn:golf:mens-olympics-golf,Olympic Golf - Men,golf,W4-golf,archival,docs/sports-coverage/evidence/golf--mens-olympics-golf.json,https://site.api.espn.com/apis/site/v2/sports/golf/mens-olympics-golf/scoreboard,2026-09-24T21:02:15.890905+00:00,,provider-fixture-only; integration-not-run,not-run,not-run,"LA28 official program includes baseball, basketball, golf, rugby sevens and football in the 2028 summer edition. Existing provider samples are historical editions, not retired sports. Historical fixture retained; excluded from live refresh until a future edition is independently validated."
espn:golf:ntw,Korn Ferry Tour,golf,W4-golf,limited,docs/sports-coverage/evidence/golf--ntw.json,https://site.api.espn.com/apis/site/v2/sports/golf/ntw/scoreboard,2026-09-24T21:02:16.497831+00:00,schedule,provider-fixture-only; integration-not-run,not-run,not-run,"Dated2026 named tournament schedule and competition identity validated. No athlete participants returned; schedule-only tournament card, no leaderboard/results claim."
espn:golf:tgl,TGL,golf,W4-golf,limited,docs/sports-coverage/evidence/golf--tgl.json,https://site.api.espn.com/apis/site/v2/sports/golf/tgl/scoreboard,2026-09-24T21:02:16.599249+00:00,schedule;final-result,provider-fixture-only; integration-not-run,not-run,not-run,Dated current/relevant-season named-participant sample verified; live transitions and season completeness unverified.
espn:golf:womens-olympics-golf,Olympic Golf - Women,golf,W4-golf,archival,docs/sports-coverage/evidence/golf--womens-olympics-golf.json,https://site.api.espn.com/apis/site/v2/sports/golf/womens-olympics-golf/scoreboard,2026-09-24T21:02:16.855072+00:00,,provider-fixture-only; integration-not-run,not-run,not-run,"LA28 official program includes baseball, basketball, golf, rugby sevens and football in the 2028 summer edition. Existing provider samples are historical editions, not retired sports. Historical fixture retained; excluded from live refresh until a future edition is independently validated."
espn:hockey:hockey-world-cup,World Cup of Hockey,hockey,W2-team-and-soccer,archival,docs/sports-coverage/evidence/hockey--hockey-world-cup.json,https://site.api.espn.com/apis/site/v2/sports/hockey/hockey-world-cup/scoreboard,2026-09-24T21:02:17.030703+00:00,,provider-fixture-only; integration-not-run,not-run,not-run,"NHL confirms return in 2028; historical2016 feed is dormant cycle, not retirement. Historical fixture retained; excluded from live refresh until a future edition is independently validated."
espn:hockey:mens-college-hockey,NCAA Men's Ice Hockey,hockey,W2-team-and-soccer,limited,docs/sports-coverage/evidence/hockey--mens-college-hockey.json,https://site.api.espn.com/apis/site/v2/sports/hockey/mens-college-hockey/scoreboard,2026-09-24T21:02:17.399099+00:00,schedule,provider-fixture-only; integration-not-run,not-run,not-run,Dated current/relevant-season named-participant schedule sample verified; completeness and live transitions unverified.
espn:hockey:olympics-mens-ice-hockey,Men's Ice Hockey,hockey,W2-team-and-soccer,limited,docs/sports-coverage/evidence/hockey--olympics-mens-ice-hockey.json,https://site.api.espn.com/apis/site/v2/sports/hockey/olympics-mens-ice-hockey/scoreboard,2026-09-24T21:02:17.513083+00:00,schedule;final-result;period-detail,provider-fixture-only; integration-not-run,not-run,not-run,Dated current/relevant-season named-participant schedule sample verified; completeness and live transitions unverified.
espn:hockey:olympics-womens-ice-hockey,Women's Ice Hockey,hockey,W2-team-and-soccer,limited,docs/sports-coverage/evidence/hockey--olympics-womens-ice-hockey.json,https://site.api.espn.com/apis/site/v2/sports/hockey/olympics-womens-ice-hockey/scoreboard,2026-09-24T21:02:17.946156+00:00,schedule;final-result;period-detail,provider-fixture-only; integration-not-run,not-run,not-run,Dated current/relevant-season named-participant schedule sample verified; completeness and live transitions unverified.
espn:hockey:womens-college-hockey,NCAA Women's Hockey,hockey,W2-team-and-soccer,limited,docs/sports-coverage/evidence/hockey--womens-college-hockey.json,https://site.api.espn.com/apis/site/v2/sports/hockey/womens-college-hockey/scoreboard,2026-09-24T21:02:17.962267+00:00,schedule,provider-fixture-only; integration-not-run,not-run,not-run,Dated current/relevant-season named-participant schedule sample verified; completeness and live transitions unverified.
espn:lacrosse:mens-college-lacrosse,NCAA Men's Lacrosse,lacrosse,W3-new-sports,limited,docs/sports-coverage/evidence/lacrosse--mens-college-lacrosse.json,https://site.api.espn.com/apis/site/v2/sports/lacrosse/mens-college-lacrosse/scoreboard,2026-09-24T21:02:18.312071+00:00,schedule;final-result;period-detail,provider-fixture-only; integration-not-run,not-run,not-run,Dated current/relevant-season named-participant schedule sample verified; completeness and live transitions unverified.
espn:lacrosse:nll,National Lacrosse League,lacrosse,W3-new-sports,limited,docs/sports-coverage/evidence/lacrosse--nll.json,https://site.api.espn.com/apis/site/v2/sports/lacrosse/nll/scoreboard,2026-09-24T21:02:18.519389+00:00,schedule;final-result;period-detail,provider-fixture-only; integration-not-run,not-run,not-run,Dated current/relevant-season named-participant schedule sample verified; completeness and live transitions unverified.
espn:lacrosse:pll,Premier Lacrosse League,lacrosse,W3-new-sports,limited,docs/sports-coverage/evidence/lacrosse--pll.json,https://site.api.espn.com/apis/site/v2/sports/lacrosse/pll/scoreboard,2026-09-24T21:02:18.866890+00:00,schedule;final-result;period-detail,provider-fixture-only; integration-not-run,not-run,not-run,Dated current/relevant-season named-participant schedule sample verified; completeness and live transitions unverified.
espn:lacrosse:womens-college-lacrosse,NCAA Women's Lacrosse,lacrosse,W3-new-sports,limited,docs/sports-coverage/evidence/lacrosse--womens-college-lacrosse.json,https://site.api.espn.com/apis/site/v2/sports/lacrosse/womens-college-lacrosse/scoreboard,2026-09-24T21:02:18.971728+00:00,schedule;final-result;period-detail,provider-fixture-only; integration-not-run,not-run,not-run,Dated current/relevant-season named-participant schedule sample verified; completeness and live transitions unverified.
espn:mma:absolute,Absolute Championship Berkut,mma,W5-combat,limited,docs/sports-coverage/evidence/mma--absolute.json,https://site.api.espn.com/apis/site/v2/sports/mma/absolute/scoreboard,2026-09-24T21:02:19.208520+00:00,schedule,provider-fixture-only; integration-not-run,not-run,not-run,Dated current/relevant-season named-participant schedule sample verified; completeness and live transitions unverified.
espn:mma:affliction,Affliction,mma,W5-combat,candidate,docs/sports-coverage/evidence/mma--affliction.json,https://site.api.espn.com/apis/site/v2/sports/mma/affliction/scoreboard,2026-09-24T21:02:19.630771+00:00,,provider-fixture-only; integration-not-run,not-run,not-run,"Default sample is dated 2009-08-01T04:00Z; tested2026 query yields 0 events and 0 named participant records, without a usable2026 sample. Competition retirement or alias identity is not established. Resolve current official competition calendar and an authorized source; if cyclical, corroborate edition before archival/history classification. Do not poll this candidate as current."
espn:mma:bang-fighting,Bang Fighting Championships,mma,W5-combat,candidate,docs/sports-coverage/evidence/mma--bang-fighting.json,https://site.api.espn.com/apis/site/v2/sports/mma/bang-fighting/scoreboard,2026-09-24T21:02:19.804477+00:00,,provider-fixture-only; integration-not-run,not-run,not-run,"Default sample is dated 2012-10-13T04:00Z; tested2026 query yields 0 events and 0 named participant records, without a usable2026 sample. Competition retirement or alias identity is not established. Resolve current official competition calendar and an authorized source; if cyclical, corroborate edition before archival/history classification. Do not poll this candidate as current."
espn:mma:banni-fight,Banni Fight Combat,mma,W5-combat,candidate,docs/sports-coverage/evidence/mma--banni-fight.json,https://site.api.espn.com/apis/site/v2/sports/mma/banni-fight/scoreboard,2026-09-24T21:02:19.915584+00:00,,provider-fixture-only; integration-not-run,not-run,not-run,"Default sample is dated 2004-05-10T04:00Z; tested2026 query yields 0 events and 0 named participant records, without a usable2026 sample. Competition retirement or alias identity is not established. Resolve current official competition calendar and an authorized source; if cyclical, corroborate edition before archival/history classification. Do not poll this candidate as current."
espn:mma:banzay,Banzay Fight Championship,mma,W5-combat,candidate,docs/sports-coverage/evidence/mma--banzay.json,https://site.api.espn.com/apis/site/v2/sports/mma/banzay/scoreboard,2026-09-24T21:02:20.202370+00:00,,provider-fixture-only; integration-not-run,not-run,not-run,"Default sample is dated 2015-05-16T04:00Z; tested2026 query yields 0 events and 0 named participant records, without a usable2026 sample. Competition retirement or alias identity is not established. Resolve current official competition calendar and an authorized source; if cyclical, corroborate edition before archival/history classification. Do not poll this candidate as current."
espn:mma:barracao,Barracao Fight Championship,mma,W5-combat,candidate,docs/sports-coverage/evidence/mma--barracao.json,https://site.api.espn.com/apis/site/v2/sports/mma/barracao/scoreboard,2026-09-24T21:02:20.565315+00:00,,provider-fixture-only; integration-not-run,not-run,not-run,"Default sample is dated 2013-06-08T04:00Z; tested2026 query yields 0 events and 0 named participant records, without a usable2026 sample. Competition retirement or alias identity is not established. Resolve current official competition calendar and an authorized source; if cyclical, corroborate edition before archival/history classification. Do not poll this candidate as current."
espn:mma:battlezone,Battlezone Fighting Championships,mma,W5-combat,candidate,docs/sports-coverage/evidence/mma--battlezone.json,https://site.api.espn.com/apis/site/v2/sports/mma/battlezone/scoreboard,2026-09-24T21:02:20.748498+00:00,,provider-fixture-only; integration-not-run,not-run,not-run,"Default sample is dated 2016-04-02T04:00Z; tested2026 query yields 0 events and 0 named participant records, without a usable2026 sample. Competition retirement or alias identity is not established. Resolve current official competition calendar and an authorized source; if cyclical, corroborate edition before archival/history classification. Do not poll this candidate as current."
espn:mma:bellator,Bellator Fighting Championship,mma,W5-combat,candidate,docs/sports-coverage/evidence/mma--bellator.json,https://site.api.espn.com/apis/site/v2/sports/mma/bellator/scoreboard,2026-09-24T21:02:20.909217+00:00,,provider-fixture-only; integration-not-run,not-run,not-run,"Default sample is dated 2024-09-14T16:30Z; tested2026 query yields 0 events and 0 named participant records, without a usable2026 sample. Competition retirement or alias identity is not established. Resolve current official competition calendar and an authorized source; if cyclical, corroborate edition before archival/history classification. Do not poll this candidate as current."
espn:mma:benevides,Benevides Fight Championship,mma,W5-combat,candidate,docs/sports-coverage/evidence/mma--benevides.json,https://site.api.espn.com/apis/site/v2/sports/mma/benevides/scoreboard,2026-09-24T21:02:21.155997+00:00,,provider-fixture-only; integration-not-run,not-run,not-run,"Default sample is dated 2014-05-23T04:00Z; tested2026 query yields 0 events and 0 named participant records, without a usable2026 sample. Competition retirement or alias identity is not established. Resolve current official competition calendar and an authorized source; if cyclical, corroborate edition before archival/history classification. Do not poll this candidate as current."
espn:mma:big-fight,Big Fight Champions,mma,W5-combat,candidate,docs/sports-coverage/evidence/mma--big-fight.json,https://site.api.espn.com/apis/site/v2/sports/mma/big-fight/scoreboard,2026-09-24T21:02:21.523319+00:00,,provider-fixture-only; integration-not-run,not-run,not-run,"Default sample is dated 2012-06-30T04:00Z; tested2026 query yields 0 events and 0 named participant records, without a usable2026 sample. Competition retirement or alias identity is not established. Resolve current official competition calendar and an authorized source; if cyclical, corroborate edition before archival/history classification. Do not poll this candidate as current."
espn:mma:blackout,Blackout Fighting Championship,mma,W5-combat,candidate,docs/sports-coverage/evidence/mma--blackout.json,https://site.api.espn.com/apis/site/v2/sports/mma/blackout/scoreboard,2026-09-24T21:02:21.736485+00:00,,provider-fixture-only; integration-not-run,not-run,not-run,"Default sample is dated 2015-05-16T04:00Z; tested2026 query yields 0 events and 0 named participant records, without a usable2026 sample. Competition retirement or alias identity is not established. Resolve current official competition calendar and an authorized source; if cyclical, corroborate edition before archival/history classification. Do not poll this candidate as current."
espn:mma:bosnia,Bosnia Fight Championship,mma,W5-combat,candidate,docs/sports-coverage/evidence/mma--bosnia.json,https://site.api.espn.com/apis/site/v2/sports/mma/bosnia/scoreboard,2026-09-24T21:02:21.867568+00:00,,provider-fixture-only; integration-not-run,not-run,not-run,"Default sample is dated 2015-06-13T04:00Z; tested2026 query yields 0 events and 0 named participant records, without a usable2026 sample. Competition retirement or alias identity is not established. Resolve current official competition calendar and an authorized source; if cyclical, corroborate edition before archival/history classification. Do not poll this candidate as current."
espn:mma:boxe,Boxe Fight Combat,mma,W5-combat,candidate,docs/sports-coverage/evidence/mma--boxe.json,https://site.api.espn.com/apis/site/v2/sports/mma/boxe/scoreboard,2026-09-24T21:02:22.239477+00:00,,provider-fixture-only; integration-not-run,not-run,not-run,"Default sample is dated 2013-08-31T04:00Z; tested2026 query yields 0 events and 0 named participant records, without a usable2026 sample. Competition retirement or alias identity is not established. Resolve current official competition calendar and an authorized source; if cyclical, corroborate edition before archival/history classification. Do not poll this candidate as current."
espn:mma:brazilian-freestyle,Brazilian Freestyle Circuit,mma,W5-combat,candidate,docs/sports-coverage/evidence/mma--brazilian-freestyle.json,https://site.api.espn.com/apis/site/v2/sports/mma/brazilian-freestyle/scoreboard,2026-09-24T21:02:22.520613+00:00,,provider-fixture-only; integration-not-run,not-run,not-run,"Default sample is dated 1998-08-08T04:00Z; tested2026 query yields 0 events and 0 named participant records, without a usable2026 sample. Competition retirement or alias identity is not established. Resolve current official competition calendar and an authorized source; if cyclical, corroborate edition before archival/history classification. Do not poll this candidate as current."
espn:mma:budo,Budo Fighting Championships,mma,W5-combat,candidate,docs/sports-coverage/evidence/mma--budo.json,https://site.api.espn.com/apis/site/v2/sports/mma/budo/scoreboard,2026-09-24T21:02:22.737344+00:00,,provider-fixture-only; integration-not-run,not-run,not-run,"Default sample is dated 2011-11-05T04:00Z; tested2026 query yields 0 events and 0 named participant records, without a usable2026 sample. Competition retirement or alias identity is not established. Resolve current official competition calendar and an authorized source; if cyclical, corroborate edition before archival/history classification. Do not poll this candidate as current."
espn:mma:cage-warriors,Cage Warriors Fighting Championship,mma,W5-combat,candidate,docs/sports-coverage/evidence/mma--cage-warriors.json,https://site.api.espn.com/apis/site/v2/sports/mma/cage-warriors/scoreboard,2026-09-24T21:02:23.105129+00:00,,provider-fixture-only; integration-not-run,not-run,not-run,"Default sample is dated 2025-12-06T05:00Z; tested2026 query yields 0 events and 0 named participant records, without a usable2026 sample. Competition retirement or alias identity is not established. Resolve current official competition calendar and an authorized source; if cyclical, corroborate edition before archival/history classification. Do not poll this candidate as current."
espn:mma:dream,Dream,mma,W5-combat,candidate,docs/sports-coverage/evidence/mma--dream.json,https://site.api.espn.com/apis/site/v2/sports/mma/dream/scoreboard,2026-09-24T21:02:23.304984+00:00,,provider-fixture-only; integration-not-run,not-run,not-run,"Default sample is dated 2012-12-31T05:00Z; tested2026 query yields 0 events and 0 named participant records, without a usable2026 sample. Competition retirement or alias identity is not established. Resolve current official competition calendar and an authorized source; if cyclical, corroborate edition before archival/history classification. Do not poll this candidate as current."
espn:mma:fng,Fight Nights Global,mma,W5-combat,candidate,docs/sports-coverage/evidence/mma--fng.json,https://site.api.espn.com/apis/site/v2/sports/mma/fng/scoreboard,2026-09-24T21:02:23.863601+00:00,,provider-fixture-only; integration-not-run,not-run,not-run,"Default sample is dated 2020-09-25T04:00Z; tested2026 query yields 0 events and 0 named participant records, without a usable2026 sample. Competition retirement or alias identity is not established. Resolve current official competition calendar and an authorized source; if cyclical, corroborate edition before archival/history classification. Do not poll this candidate as current."
espn:mma:ifc,Invicta FC,mma,W5-combat,candidate,docs/sports-coverage/evidence/mma--ifc.json,https://site.api.espn.com/apis/site/v2/sports/mma/ifc/scoreboard,2026-09-24T21:02:23.935072+00:00,,provider-fixture-only; integration-not-run,not-run,not-run,"Default sample is dated 2025-04-04T04:00Z; tested2026 query yields 0 events and 0 named participant records, without a usable2026 sample. Competition retirement or alias identity is not established. Resolve current official competition calendar and an authorized source; if cyclical, corroborate edition before archival/history classification. Do not poll this candidate as current."
espn:mma:ifl,International Fight League,mma,W5-combat,candidate,docs/sports-coverage/evidence/mma--ifl.json,https://site.api.espn.com/apis/site/v2/sports/mma/ifl/scoreboard,2026-09-24T21:02:24.070978+00:00,,provider-fixture-only; integration-not-run,not-run,not-run,"Default sample is dated 2012-11-17T05:00Z; tested2026 query yields 0 events and 0 named participant records, without a usable2026 sample. Competition retirement or alias identity is not established. Resolve current official competition calendar and an authorized source; if cyclical, corroborate edition before archival/history classification. Do not poll this candidate as current."
espn:mma:k1,K-1,mma,W5-combat,candidate,docs/sports-coverage/evidence/mma--k1.json,https://site.api.espn.com/apis/site/v2/sports/mma/k1/scoreboard,2026-09-24T21:02:24.707310+00:00,,provider-fixture-only; integration-not-run,not-run,not-run,"Default sample is dated 2010-12-31T05:00Z; tested2026 query yields 0 events and 0 named participant records, without a usable2026 sample. Competition retirement or alias identity is not established. Resolve current official competition calendar and an authorized source; if cyclical, corroborate edition before archival/history classification. Do not poll this candidate as current."
espn:mma:ksw,Konfrontacja Sztuk Walki,mma,W5-combat,candidate,docs/sports-coverage/evidence/mma--ksw.json,https://site.api.espn.com/apis/site/v2/sports/mma/ksw/scoreboard,2026-09-24T21:02:25.064868+00:00,,provider-fixture-only; integration-not-run,not-run,not-run,"Default sample is dated 2024-12-20T05:00Z; tested2026 query yields 0 events and 0 named participant records, without a usable2026 sample. Competition retirement or alias identity is not established. Resolve current official competition calendar and an authorized source; if cyclical, corroborate edition before archival/history classification. Do not poll this candidate as current."
espn:mma:lfa,Legacy Fighting Alliance,mma,W5-combat,limited,docs/sports-coverage/evidence/mma--lfa.json,https://site.api.espn.com/apis/site/v2/sports/mma/lfa/scoreboard,2026-09-24T21:02:25.455032+00:00,schedule,provider-fixture-only; integration-not-run,not-run,not-run,Dated current/relevant-season named-participant schedule sample verified; completeness and live transitions unverified.
espn:mma:lfc,Legacy Fighting Championship,mma,W5-combat,candidate,docs/sports-coverage/evidence/mma--lfc.json,https://site.api.espn.com/apis/site/v2/sports/mma/lfc/scoreboard,2026-09-24T21:02:25.616666+00:00,,provider-fixture-only; integration-not-run,not-run,not-run,"Default sample is dated 2016-12-02T05:00Z; tested2026 query yields 0 events and 0 named participant records, without a usable2026 sample. Competition retirement or alias identity is not established. Resolve current official competition calendar and an authorized source; if cyclical, corroborate edition before archival/history classification. Do not poll this candidate as current."
espn:mma:m1,M-1 Mix-Fight Championship,mma,W5-combat,candidate,docs/sports-coverage/evidence/mma--m1.json,https://site.api.espn.com/apis/site/v2/sports/mma/m1/scoreboard,2026-09-24T21:02:25.910185+00:00,,provider-fixture-only; integration-not-run,not-run,not-run,"Default sample is dated 2020-01-31T05:00Z; tested2026 query yields 0 events and 0 named participant records, without a usable2026 sample. Competition retirement or alias identity is not established. Resolve current official competition calendar and an authorized source; if cyclical, corroborate edition before archival/history classification. Do not poll this candidate as current."
espn:mma:mfc,Maximum Fighting Championship,mma,W5-combat,candidate,docs/sports-coverage/evidence/mma--mfc.json,https://site.api.espn.com/apis/site/v2/sports/mma/mfc/scoreboard,2026-09-24T21:02:26.019380+00:00,,provider-fixture-only; integration-not-run,not-run,not-run,"Default sample is dated 2015-01-30T05:00Z; tested2026 query yields 0 events and 0 named participant records, without a usable2026 sample. Competition retirement or alias identity is not established. Resolve current official competition calendar and an authorized source; if cyclical, corroborate edition before archival/history classification. Do not poll this candidate as current."
espn:mma:mvp,MVP,mma,W5-combat,limited,docs/sports-coverage/evidence/mma--mvp.json,https://site.api.espn.com/apis/site/v2/sports/mma/mvp/scoreboard,2026-09-24T21:02:26.456520+00:00,schedule,provider-fixture-only; integration-not-run,not-run,not-run,Dated current/relevant-season named-participant schedule sample verified; completeness and live transitions unverified.
espn:mma:ofc,One Fighting Championship,mma,W5-combat,limited,docs/sports-coverage/evidence/mma--ofc.json,https://site.api.espn.com/apis/site/v2/sports/mma/ofc/scoreboard,2026-09-24T21:02:26.672991+00:00,schedule,provider-fixture-only; integration-not-run,not-run,not-run,Dated current/relevant-season named-participant schedule sample verified; completeness and live transitions unverified.
espn:mma:other,Other,mma,W5-combat,limited,docs/sports-coverage/evidence/mma--other.json,https://site.api.espn.com/apis/site/v2/sports/mma/other/scoreboard,2026-09-24T21:02:26.952531+00:00,schedule,provider-fixture-only; integration-not-run,not-run,not-run,Dated current/relevant-season named-participant sample verified; live transitions and season completeness unverified.
espn:mma:pancrase,Pancrase,mma,W5-combat,candidate,docs/sports-coverage/evidence/mma--pancrase.json,https://site.api.espn.com/apis/site/v2/sports/mma/pancrase/scoreboard,2026-09-24T21:02:27.056618+00:00,,provider-fixture-only; integration-not-run,not-run,not-run,"Default sample is dated 2025-12-21T05:00Z; tested2026 query yields 0 events and 0 named participant records, without a usable2026 sample. Competition retirement or alias identity is not established. Resolve current official competition calendar and an authorized source; if cyclical, corroborate edition before archival/history classification. Do not poll this candidate as current."
espn:mma:pfl,Professional Fighters League,mma,W5-combat,limited,docs/sports-coverage/evidence/mma--pfl.json,https://site.api.espn.com/apis/site/v2/sports/mma/pfl/scoreboard,2026-09-24T21:02:27.406812+00:00,schedule,provider-fixture-only; integration-not-run,not-run,not-run,Dated current/relevant-season named-participant schedule sample verified; completeness and live transitions unverified.
espn:mma:pride,PRIDE Fighting Championships,mma,W5-combat,archival,docs/sports-coverage/evidence/mma--pride.json,https://site.api.espn.com/apis/site/v2/sports/mma/pride/scoreboard,2026-09-24T21:02:27.601747+00:00,,provider-fixture-only; integration-not-run,not-run,not-run,UFC retrospective establishes PRIDE had ended by 2007; provider final sample is April 2007. Historical fixture retained; excluded from live refresh until a future edition is independently validated.
espn:mma:proelite,ProElite,mma,W5-combat,candidate,docs/sports-coverage/evidence/mma--proelite.json,https://site.api.espn.com/apis/site/v2/sports/mma/proelite/scoreboard,2026-09-24T21:02:27.962866+00:00,,provider-fixture-only; integration-not-run,not-run,not-run,"Default sample is dated 2012-01-21T05:00Z; tested2026 query yields 0 events and 0 named participant records, without a usable2026 sample. Competition retirement or alias identity is not established. Resolve current official competition calendar and an authorized source; if cyclical, corroborate edition before archival/history classification. Do not poll this candidate as current."
espn:mma:rfa,Resurrection Fighting Alliance,mma,W5-combat,candidate,docs/sports-coverage/evidence/mma--rfa.json,https://site.api.espn.com/apis/site/v2/sports/mma/rfa/scoreboard,2026-09-24T21:02:28.050170+00:00,,provider-fixture-only; integration-not-run,not-run,not-run,"Default sample is dated 2016-12-09T05:00Z; tested2026 query yields 0 events and 0 named participant records, without a usable2026 sample. Competition retirement or alias identity is not established. Resolve current official competition calendar and an authorized source; if cyclical, corroborate edition before archival/history classification. Do not poll this candidate as current."
espn:mma:rizin,Rizin Fight Federation,mma,W5-combat,candidate,docs/sports-coverage/evidence/mma--rizin.json,https://site.api.espn.com/apis/site/v2/sports/mma/rizin/scoreboard,2026-09-24T21:02:28.289033+00:00,,provider-fixture-only; integration-not-run,not-run,not-run,"Default sample is dated 2024-12-31T05:00Z; tested2026 query yields 0 events and 0 named participant records, without a usable2026 sample. Competition retirement or alias identity is not established. Resolve current official competition calendar and an authorized source; if cyclical, corroborate edition before archival/history classification. Do not poll this candidate as current."
espn:mma:roc,Ring of Combat,mma,W5-combat,candidate,docs/sports-coverage/evidence/mma--roc.json,https://site.api.espn.com/apis/site/v2/sports/mma/roc/scoreboard,2026-09-24T21:02:28.685668+00:00,,provider-fixture-only; integration-not-run,not-run,not-run,"Default sample is dated 2023-09-08T04:00Z; tested2026 query yields 0 events and 0 named participant records, without a usable2026 sample. Competition retirement or alias identity is not established. Resolve current official competition calendar and an authorized source; if cyclical, corroborate edition before archival/history classification. Do not poll this candidate as current."
espn:mma:sfl,Super Fight League,mma,W5-combat,candidate,docs/sports-coverage/evidence/mma--sfl.json,https://site.api.espn.com/apis/site/v2/sports/mma/sfl/scoreboard,2026-09-24T21:02:29.020310+00:00,,provider-fixture-only; integration-not-run,not-run,not-run,"Default sample is dated 2018-03-17T04:00Z; tested2026 query yields 0 events and 0 named participant records, without a usable2026 sample. Competition retirement or alias identity is not established. Resolve current official competition calendar and an authorized source; if cyclical, corroborate edition before archival/history classification. Do not poll this candidate as current."
espn:mma:shark-fights,Shark Fights,mma,W5-combat,candidate,docs/sports-coverage/evidence/mma--shark-fights.json,https://site.api.espn.com/apis/site/v2/sports/mma/shark-fights/scoreboard,2026-09-24T21:02:29.095563+00:00,,provider-fixture-only; integration-not-run,not-run,not-run,"Default sample is dated 2011-11-11T05:00Z; tested2026 query yields 0 events and 0 named participant records, without a usable2026 sample. Competition retirement or alias identity is not established. Resolve current official competition calendar and an authorized source; if cyclical, corroborate edition before archival/history classification. Do not poll this candidate as current."
espn:mma:shooto-brazil,Shooto Brazil,mma,W5-combat,candidate,docs/sports-coverage/evidence/mma--shooto-brazil.json,https://site.api.espn.com/apis/site/v2/sports/mma/shooto-brazil/scoreboard,2026-09-24T21:02:29.264076+00:00,,provider-fixture-only; integration-not-run,not-run,not-run,"Default sample is dated 2016-12-18T05:00Z; tested2026 query yields 0 events and 0 named participant records, without a usable2026 sample. Competition retirement or alias identity is not established. Resolve current official competition calendar and an authorized source; if cyclical, corroborate edition before archival/history classification. Do not poll this candidate as current."
espn:mma:shooto-japan,Shooto Japan,mma,W5-combat,candidate,docs/sports-coverage/evidence/mma--shooto-japan.json,https://site.api.espn.com/apis/site/v2/sports/mma/shooto-japan/scoreboard,2026-09-24T21:02:29.794694+00:00,,provider-fixture-only; integration-not-run,not-run,not-run,"Default sample is dated 2023-12-03T05:00Z; tested2026 query yields 0 events and 0 named participant records, without a usable2026 sample. Competition retirement or alias identity is not established. Resolve current official competition calendar and an authorized source; if cyclical, corroborate edition before archival/history classification. Do not poll this candidate as current."
espn:mma:shoxc,ShoXC: Showtime Xtreme Combat,mma,W5-combat,candidate,docs/sports-coverage/evidence/mma--shoxc.json,https://site.api.espn.com/apis/site/v2/sports/mma/shoxc/scoreboard,2026-09-24T21:02:30.138330+00:00,,provider-fixture-only; integration-not-run,not-run,not-run,"Default sample is dated 2008-10-10T04:00Z; tested2026 query yields 0 events and 0 named participant records, without a usable2026 sample. Competition retirement or alias identity is not established. Resolve current official competition calendar and an authorized source; if cyclical, corroborate edition before archival/history classification. Do not poll this candidate as current."
espn:mma:strikeforce,Strikeforce,mma,W5-combat,archival,docs/sports-coverage/evidence/mma--strikeforce.json,https://site.api.espn.com/apis/site/v2/sports/mma/strikeforce/scoreboard,2026-09-24T21:02:30.247542+00:00,,provider-fixture-only; integration-not-run,not-run,not-run,"UFC identifies January 12, 2013 as the last Strikeforce event; matches provider final date. Historical fixture retained; excluded from live refresh until a future edition is independently validated."
espn:mma:tfc,Titan Fighting Championships,mma,W5-combat,candidate,docs/sports-coverage/evidence/mma--tfc.json,https://site.api.espn.com/apis/site/v2/sports/mma/tfc/scoreboard,2026-09-24T21:02:30.358348+00:00,,provider-fixture-only; integration-not-run,not-run,not-run,"Default sample is dated 2023-07-21T04:00Z; tested2026 query yields 0 events and 0 named participant records, without a usable2026 sample. Competition retirement or alias identity is not established. Resolve current official competition calendar and an authorized source; if cyclical, corroborate edition before archival/history classification. Do not poll this candidate as current."
espn:mma:tpf,Tachi Palace Fights,mma,W5-combat,candidate,docs/sports-coverage/evidence/mma--tpf.json,https://site.api.espn.com/apis/site/v2/sports/mma/tpf/scoreboard,2026-09-24T21:02:30.812256+00:00,,provider-fixture-only; integration-not-run,not-run,not-run,"Default sample is dated 2018-11-10T03:00Z; tested2026 query yields 0 events and 0 named participant records, without a usable2026 sample. Competition retirement or alias identity is not established. Resolve current official competition calendar and an authorized source; if cyclical, corroborate edition before archival/history classification. Do not poll this candidate as current."
espn:mma:vfc,Victory Fighting Championship,mma,W5-combat,candidate,docs/sports-coverage/evidence/mma--vfc.json,https://site.api.espn.com/apis/site/v2/sports/mma/vfc/scoreboard,2026-09-24T21:02:31.169896+00:00,,provider-fixture-only; integration-not-run,not-run,not-run,"Default sample is dated 2018-04-14T04:00Z; tested2026 query yields 0 events and 0 named participant records, without a usable2026 sample. Competition retirement or alias identity is not established. Resolve current official competition calendar and an authorized source; if cyclical, corroborate edition before archival/history classification. Do not poll this candidate as current."
espn:mma:wec,World Extreme Cagefighting,mma,W5-combat,archival,docs/sports-coverage/evidence/mma--wec.json,https://site.api.espn.com/apis/site/v2/sports/mma/wec/scoreboard,2026-09-24T21:02:31.293699+00:00,,provider-fixture-only; integration-not-run,not-run,not-run,"UFC identifies December 16, 2010 as the final WEC event; matches provider final date. Historical fixture retained; excluded from live refresh until a future edition is independently validated."
espn:mma:xfc,Xtreme Fighting Championships,mma,W5-combat,candidate,docs/sports-coverage/evidence/mma--xfc.json,https://site.api.espn.com/apis/site/v2/sports/mma/xfc/scoreboard,2026-09-24T21:02:31.437125+00:00,,provider-fixture-only; integration-not-run,not-run,not-run,"Default sample is dated 2021-12-10T17:00Z; tested2026 query yields 0 events and 0 named participant records, without a usable2026 sample. Competition retirement or alias identity is not established. Resolve current official competition calendar and an authorized source; if cyclical, corroborate edition before archival/history classification. Do not poll this candidate as current."
espn:racing:nascar-secondary,NASCAR O'Reilly Auto Parts Series,racing,W5-racing,limited,docs/sports-coverage/evidence/racing--nascar-secondary.json,https://site.api.espn.com/apis/site/v2/sports/racing/nascar-secondary/scoreboard,2026-09-24T21:02:31.937833+00:00,schedule,provider-fixture-only; integration-not-run,not-run,not-run,Dated current/relevant-season named-participant sample verified; live transitions and season completeness unverified.
espn:racing:nascar-truck,NASCAR Truck Series,racing,W5-racing,limited,docs/sports-coverage/evidence/racing--nascar-truck.json,https://site.api.espn.com/apis/site/v2/sports/racing/nascar-truck/scoreboard,2026-09-24T21:02:32.181271+00:00,schedule,provider-fixture-only; integration-not-run,not-run,not-run,Dated current/relevant-season named-participant sample verified; live transitions and season completeness unverified.
espn:rugby:268565,British and Irish Lions Tour,rugby,W2-team-and-soccer,candidate,docs/sports-coverage/evidence/rugby--268565.json,https://site.api.espn.com/apis/site/v2/sports/rugby/268565/scoreboard,2026-09-24T21:02:32.368161+00:00,,provider-fixture-only; integration-not-run,not-run,not-run,"Default sample is dated 2025-08-02T10:00Z; tested2026 query yields 0 events and 0 named participant records, without a usable2026 sample. Competition retirement or alias identity is not established. Resolve current official competition calendar and an authorized source; if cyclical, corroborate edition before archival/history classification. Do not poll this candidate as current."
espn:rugby:244293,The Rugby Championship,rugby,W2-team-and-soccer,candidate,docs/sports-coverage/evidence/rugby--244293.json,https://site.api.espn.com/apis/site/v2/sports/rugby/244293/scoreboard,2026-09-24T21:02:32.521204+00:00,,provider-fixture-only; integration-not-run,not-run,not-run,"Default sample is dated 2025-10-04T10:05Z; tested2026 query yields 0 events and 0 named participant records, without a usable2026 sample. Competition retirement or alias identity is not established. Resolve current official competition calendar and an authorized source; if cyclical, corroborate edition before archival/history classification. Do not poll this candidate as current."
espn:rugby:271937,European Rugby Champions Cup,rugby,W2-team-and-soccer,limited,docs/sports-coverage/evidence/rugby--271937.json,https://site.api.espn.com/apis/site/v2/sports/rugby/271937/scoreboard,2026-09-24T21:02:32.918917+00:00,schedule;period-detail,provider-fixture-only; integration-not-run,not-run,not-run,Dated current/relevant-season named-participant schedule sample verified; completeness and live transitions unverified.
espn:rugby:272073,European Rugby Challenge Cup,rugby,W2-team-and-soccer,limited,docs/sports-coverage/evidence/rugby--272073.json,https://site.api.espn.com/apis/site/v2/sports/rugby/272073/scoreboard,2026-09-24T21:02:33.108609+00:00,schedule;period-detail,provider-fixture-only; integration-not-run,not-run,not-run,Dated current/relevant-season named-participant schedule sample verified; completeness and live transitions unverified.
espn:rugby:270557,United Rugby Championship,rugby,W2-team-and-soccer,limited,docs/sports-coverage/evidence/rugby--270557.json,https://site.api.espn.com/apis/site/v2/sports/rugby/270557/scoreboard,2026-09-24T21:02:33.327811+00:00,schedule;period-detail,provider-fixture-only; integration-not-run,not-run,not-run,Dated current/relevant-season named-participant schedule sample verified; completeness and live transitions unverified.
espn:rugby:2009,URBA Primera A,rugby,W2-team-and-soccer,limited,docs/sports-coverage/evidence/rugby--2009.json,https://site.api.espn.com/apis/site/v2/sports/rugby/2009/scoreboard,2026-09-24T21:02:33.491801+00:00,schedule,provider-fixture-only; integration-not-run,not-run,not-run,Dated current/relevant-season named-participant schedule sample verified; completeness and live transitions unverified.
espn:rugby:17567,Nations Championship,rugby,W2-team-and-soccer,limited,docs/sports-coverage/evidence/rugby--17567.json,https://site.api.espn.com/apis/site/v2/sports/rugby/17567/scoreboard,2026-09-24T21:02:33.871649+00:00,schedule,provider-fixture-only; integration-not-run,not-run,not-run,Dated current/relevant-season named-participant schedule sample verified; completeness and live transitions unverified.
espn:rugby:289279,URBA Top 14,rugby,W2-team-and-soccer,limited,docs/sports-coverage/evidence/rugby--289279.json,https://site.api.espn.com/apis/site/v2/sports/rugby/289279/scoreboard,2026-09-24T21:02:34.117255+00:00,schedule;period-detail,provider-fixture-only; integration-not-run,not-run,not-run,Dated current/relevant-season named-participant schedule sample verified; completeness and live transitions unverified.
espn:rugby:270563,Mitre 10 Cup,rugby,W2-team-and-soccer,limited,docs/sports-coverage/evidence/rugby--270563.json,https://site.api.espn.com/apis/site/v2/sports/rugby/270563/scoreboard,2026-09-24T21:02:34.302896+00:00,schedule;final-result;period-detail,provider-fixture-only; integration-not-run,not-run,not-run,Dated current/relevant-season named-participant schedule sample verified; completeness and live transitions unverified.
espn:rugby:282,Olympic Men's 7s,rugby,W2-team-and-soccer,archival,docs/sports-coverage/evidence/rugby--282.json,https://site.api.espn.com/apis/site/v2/sports/rugby/282/scoreboard,2026-09-24T21:02:34.495774+00:00,,provider-fixture-only; integration-not-run,not-run,not-run,"LA28 official program includes baseball, basketball, golf, rugby sevens and football in the 2028 summer edition. Existing provider samples are historical editions, not retired sports. Historical fixture retained; excluded from live refresh until a future edition is independently validated."
espn:rugby:283,Olympic Women's Rugby Sevens,rugby,W2-team-and-soccer,archival,docs/sports-coverage/evidence/rugby--283.json,https://site.api.espn.com/apis/site/v2/sports/rugby/283/scoreboard,2026-09-24T21:02:34.923421+00:00,,provider-fixture-only; integration-not-run,not-run,not-run,"LA28 official program includes baseball, basketball, golf, rugby sevens and football in the 2028 summer edition. Existing provider samples are historical editions, not retired sports. Historical fixture retained; excluded from live refresh until a future edition is independently validated."
espn:rugby:289237,Women's Rugby World Cup,rugby,W2-team-and-soccer,archival,docs/sports-coverage/evidence/rugby--289237.json,https://site.api.espn.com/apis/site/v2/sports/rugby/289237/scoreboard,2026-09-24T21:02:35.056009+00:00,,provider-fixture-only; integration-not-run,not-run,not-run,World Rugby identifies2025 final edition; archived2025 provider tournament is not a current2026 live schedule. Historical fixture retained; excluded from live refresh until a future edition is independently validated.
espn:rugby:289262,Major League Rugby,rugby,W2-team-and-soccer,limited,docs/sports-coverage/evidence/rugby--289262.json,https://site.api.espn.com/apis/site/v2/sports/rugby/289262/scoreboard,2026-09-24T21:02:35.274849+00:00,schedule;final-result;period-detail,provider-fixture-only; integration-not-run,not-run,not-run,Dated current/relevant-season named-participant schedule sample verified; completeness and live transitions unverified.
espn:rugby:289234,International Test Match,rugby,W2-team-and-soccer,limited,docs/sports-coverage/evidence/rugby--289234.json,https://site.api.espn.com/apis/site/v2/sports/rugby/289234/scoreboard,2026-09-24T21:02:35.472063+00:00,schedule;period-detail,provider-fixture-only; integration-not-run,not-run,not-run,Dated current/relevant-season named-participant schedule sample verified; completeness and live transitions unverified.
espn:soccer:eng.fa,English FA Cup,soccer,W2-team-and-soccer,limited,docs/sports-coverage/evidence/soccer--eng.fa.json,https://site.api.espn.com/apis/site/v2/sports/soccer/eng.fa/scoreboard,2026-09-24T21:02:35.848787+00:00,schedule;final-result,provider-fixture-only; integration-not-run,not-run,not-run,Dated current/relevant-season named-participant schedule sample verified; completeness and live transitions unverified.
espn:soccer:eng.league_cup,English Carabao Cup,soccer,W2-team-and-soccer,limited,docs/sports-coverage/evidence/soccer--eng.league_cup.json,https://site.api.espn.com/apis/site/v2/sports/soccer/eng.league_cup/scoreboard,2026-09-24T21:02:36.010233+00:00,schedule;final-result,provider-fixture-only; integration-not-run,not-run,not-run,Dated current/relevant-season named-participant schedule sample verified; completeness and live transitions unverified.
espn:soccer:eng.charity,English FA Community Shield,soccer,W2-team-and-soccer,limited,docs/sports-coverage/evidence/soccer--eng.charity.json,https://site.api.espn.com/apis/site/v2/sports/soccer/eng.charity/scoreboard,2026-09-24T21:02:36.235363+00:00,schedule;final-result,provider-fixture-only; integration-not-run,not-run,not-run,Dated current/relevant-season named-participant schedule sample verified; completeness and live transitions unverified.
espn:soccer:uefa.nations,UEFA Nations League,soccer,W2-team-and-soccer,limited,docs/sports-coverage/evidence/soccer--uefa.nations.json,https://site.api.espn.com/apis/site/v2/sports/soccer/uefa.nations/scoreboard,2026-09-24T21:02:36.442453+00:00,schedule;final-result,provider-fixture-only; integration-not-run,not-run,not-run,Dated current/relevant-season named-participant schedule sample verified; completeness and live transitions unverified.
espn:soccer:fifa.friendly,International Friendly,soccer,W2-team-and-soccer,limited,docs/sports-coverage/evidence/soccer--fifa.friendly.json,https://site.api.espn.com/apis/site/v2/sports/soccer/fifa.friendly/scoreboard,2026-09-24T21:02:36.797317+00:00,schedule;final-result,provider-fixture-only; integration-not-run,not-run,not-run,Dated current/relevant-season named-participant schedule sample verified; completeness and live transitions unverified.
espn:soccer:esp.super_cup,Spanish Supercopa,soccer,W2-team-and-soccer,limited,docs/sports-coverage/evidence/soccer--esp.super_cup.json,https://site.api.espn.com/apis/site/v2/sports/soccer/esp.super_cup/scoreboard,2026-09-24T21:02:36.942697+00:00,schedule,provider-fixture-only; integration-not-run,not-run,not-run,Dated current/relevant-season named-participant schedule sample verified; completeness and live transitions unverified.
espn:soccer:esp.copa_del_rey,Spanish Copa del Rey,soccer,W2-team-and-soccer,limited,docs/sports-coverage/evidence/soccer--esp.copa_del_rey.json,https://site.api.espn.com/apis/site/v2/sports/soccer/esp.copa_del_rey/scoreboard,2026-09-24T21:02:37.236326+00:00,schedule,provider-fixture-only; integration-not-run,not-run,not-run,Dated current/relevant-season named-participant schedule sample verified; completeness and live transitions unverified.
espn:soccer:concacaf.leagues.cup,Leagues Cup,soccer,W2-team-and-soccer,limited,docs/sports-coverage/evidence/soccer--concacaf.leagues.cup.json,https://site.api.espn.com/apis/site/v2/sports/soccer/concacaf.leagues.cup/scoreboard,2026-09-24T21:02:37.337671+00:00,schedule;final-result,provider-fixture-only; integration-not-run,not-run,not-run,Dated current/relevant-season named-participant schedule sample verified; completeness and live transitions unverified.
espn:soccer:campeones.cup,Campeones Cup,soccer,W2-team-and-soccer,limited,docs/sports-coverage/evidence/soccer--campeones.cup.json,https://site.api.espn.com/apis/site/v2/sports/soccer/campeones.cup/scoreboard,2026-09-24T21:02:37.709937+00:00,schedule;final-result,provider-fixture-only; integration-not-run,not-run,not-run,Dated current/relevant-season named-participant sample verified; live transitions and season completeness unverified.
espn:soccer:fifa.shebelieves,SheBelieves Cup,soccer,W2-team-and-soccer,limited,docs/sports-coverage/evidence/soccer--fifa.shebelieves.json,https://site.api.espn.com/apis/site/v2/sports/soccer/fifa.shebelieves/scoreboard,2026-09-24T21:02:37.844658+00:00,schedule;final-result,provider-fixture-only; integration-not-run,not-run,not-run,Dated current/relevant-season named-participant schedule sample verified; completeness and live transitions unverified.
espn:soccer:fifa.w.champions_cup,FIFA Women's Champions Cup,soccer,W2-team-and-soccer,limited,docs/sports-coverage/evidence/soccer--fifa.w.champions_cup.json,https://site.api.espn.com/apis/site/v2/sports/soccer/fifa.w.champions_cup/scoreboard,2026-09-24T21:02:38.070722+00:00,schedule;final-result,provider-fixture-only; integration-not-run,not-run,not-run,Dated current/relevant-season named-participant schedule sample verified; completeness and live transitions unverified.
espn:soccer:uefa.wchampions,UEFA Women's Champions League,soccer,W2-team-and-soccer,limited,docs/sports-coverage/evidence/soccer--uefa.wchampions.json,https://site.api.espn.com/apis/site/v2/sports/soccer/uefa.wchampions/scoreboard,2026-09-24T21:02:38.236902+00:00,schedule;final-result,provider-fixture-only; integration-not-run,not-run,not-run,Dated current/relevant-season named-participant schedule sample verified; completeness and live transitions unverified.
espn:soccer:ger.playoff.relegation,German Bundesliga Promotion/Relegation Playoff,soccer,W2-team-and-soccer,limited,docs/sports-coverage/evidence/soccer--ger.playoff.relegation.json,https://site.api.espn.com/apis/site/v2/sports/soccer/ger.playoff.relegation/scoreboard,2026-09-24T21:02:38.623757+00:00,schedule;final-result,provider-fixture-only; integration-not-run,not-run,not-run,Dated current/relevant-season named-participant schedule sample verified; completeness and live transitions unverified.
espn:soccer:ger.dfb_pokal,German Cup,soccer,W2-team-and-soccer,limited,docs/sports-coverage/evidence/soccer--ger.dfb_pokal.json,https://site.api.espn.com/apis/site/v2/sports/soccer/ger.dfb_pokal/scoreboard,2026-09-24T21:02:38.826966+00:00,schedule;final-result,provider-fixture-only; integration-not-run,not-run,not-run,Dated current/relevant-season named-participant schedule sample verified; completeness and live transitions unverified.
espn:soccer:ita.coppa_italia,Coppa Italia,soccer,W2-team-and-soccer,limited,docs/sports-coverage/evidence/soccer--ita.coppa_italia.json,https://site.api.espn.com/apis/site/v2/sports/soccer/ita.coppa_italia/scoreboard,2026-09-24T21:02:39.086042+00:00,schedule;final-result,provider-fixture-only; integration-not-run,not-run,not-run,Dated current/relevant-season named-participant schedule sample verified; completeness and live transitions unverified.
espn:soccer:fra.super_cup,French Trophee des Champions,soccer,W2-team-and-soccer,limited,docs/sports-coverage/evidence/soccer--fra.super_cup.json,https://site.api.espn.com/apis/site/v2/sports/soccer/fra.super_cup/scoreboard,2026-09-24T21:02:39.187914+00:00,schedule;final-result,provider-fixture-only; integration-not-run,not-run,not-run,Dated current/relevant-season named-participant schedule sample verified; completeness and live transitions unverified.
espn:soccer:ita.super_cup,Italian Supercoppa,soccer,W2-team-and-soccer,candidate,docs/sports-coverage/evidence/soccer--ita.super_cup.json,https://site.api.espn.com/apis/site/v2/sports/soccer/ita.super_cup/scoreboard,2026-09-24T21:02:39.509456+00:00,,provider-fixture-only; integration-not-run,not-run,not-run,"Default sample is dated 2025-12-22T19:00Z; tested2026 query yields 0 events and 0 named participant records, without a usable2026 sample. Competition retirement or alias identity is not established. Resolve current official competition calendar and an authorized source; if cyclical, corroborate edition before archival/history classification. Do not poll this candidate as current."
espn:soccer:ger.super_cup,German Supercup,soccer,W2-team-and-soccer,limited,docs/sports-coverage/evidence/soccer--ger.super_cup.json,https://site.api.espn.com/apis/site/v2/sports/soccer/ger.super_cup/scoreboard,2026-09-24T21:02:39.716304+00:00,schedule;final-result,provider-fixture-only; integration-not-run,not-run,not-run,Dated current/relevant-season named-participant schedule sample verified; completeness and live transitions unverified.
espn:soccer:eng.w.1,English Women's Super League,soccer,W2-team-and-soccer,limited,docs/sports-coverage/evidence/soccer--eng.w.1.json,https://site.api.espn.com/apis/site/v2/sports/soccer/eng.w.1/scoreboard,2026-09-24T21:02:40.116877+00:00,schedule,provider-fixture-only; integration-not-run,not-run,not-run,Dated current/relevant-season named-participant schedule sample verified; completeness and live transitions unverified.
espn:soccer:eng.w.promotion.relegation,English Women's Super League Promotion/Relegation Playoff,soccer,W2-team-and-soccer,limited,docs/sports-coverage/evidence/soccer--eng.w.promotion.relegation.json,https://site.api.espn.com/apis/site/v2/sports/soccer/eng.w.promotion.relegation/scoreboard,2026-09-24T21:02:40.133239+00:00,schedule;final-result,provider-fixture-only; integration-not-run,not-run,not-run,Dated current/relevant-season named-participant schedule sample verified; completeness and live transitions unverified.
espn:soccer:fra.coupe_de_france,Coupe de France,soccer,W2-team-and-soccer,limited,docs/sports-coverage/evidence/soccer--fra.coupe_de_france.json,https://site.api.espn.com/apis/site/v2/sports/soccer/fra.coupe_de_france/scoreboard,2026-09-24T21:02:40.412546+00:00,schedule;final-result,provider-fixture-only; integration-not-run,not-run,not-run,Dated current/relevant-season named-participant schedule sample verified; completeness and live transitions unverified.
espn:soccer:usa.open,U.S. Open Cup,soccer,W2-team-and-soccer,limited,docs/sports-coverage/evidence/soccer--usa.open.json,https://site.api.espn.com/apis/site/v2/sports/soccer/usa.open/scoreboard,2026-09-24T21:02:40.741070+00:00,schedule;final-result,provider-fixture-only; integration-not-run,not-run,not-run,Dated current/relevant-season named-participant schedule sample verified; completeness and live transitions unverified.
espn:soccer:ksa.1,Saudi Pro League,soccer,W2-team-and-soccer,limited,docs/sports-coverage/evidence/soccer--ksa.1.json,https://site.api.espn.com/apis/site/v2/sports/soccer/ksa.1/scoreboard,2026-09-24T21:02:41.033243+00:00,schedule;final-result,provider-fixture-only; integration-not-run,not-run,not-run,Dated current/relevant-season named-participant schedule sample verified; completeness and live transitions unverified.
espn:soccer:concacaf.nations.league,Concacaf Nations League,soccer,W2-team-and-soccer,limited,docs/sports-coverage/evidence/soccer--concacaf.nations.league.json,https://site.api.espn.com/apis/site/v2/sports/soccer/concacaf.nations.league/scoreboard,2026-09-24T21:02:41.094589+00:00,schedule;final-result,provider-fixture-only; integration-not-run,not-run,not-run,Dated current/relevant-season named-participant schedule sample verified; completeness and live transitions unverified.
espn:soccer:conmebol.libertadores,CONMEBOL Libertadores,soccer,W2-team-and-soccer,limited,docs/sports-coverage/evidence/soccer--conmebol.libertadores.json,https://site.api.espn.com/apis/site/v2/sports/soccer/conmebol.libertadores/scoreboard,2026-09-24T21:02:41.275495+00:00,schedule;final-result,provider-fixture-only; integration-not-run,not-run,not-run,Dated current/relevant-season named-participant sample verified; live transitions and season completeness unverified.
espn:soccer:concacaf.champions,Concacaf Champions Cup,soccer,W2-team-and-soccer,limited,docs/sports-coverage/evidence/soccer--concacaf.champions.json,https://site.api.espn.com/apis/site/v2/sports/soccer/concacaf.champions/scoreboard,2026-09-24T21:02:41.632003+00:00,schedule;final-result,provider-fixture-only; integration-not-run,not-run,not-run,Dated current/relevant-season named-participant sample verified; live transitions and season completeness unverified.
espn:soccer:fifa.worldq.uefa,FIFA World Cup Qualifying - UEFA,soccer,W2-team-and-soccer,limited,docs/sports-coverage/evidence/soccer--fifa.worldq.uefa.json,https://site.api.espn.com/apis/site/v2/sports/soccer/fifa.worldq.uefa/scoreboard,2026-09-24T21:02:42.039875+00:00,schedule;final-result,provider-fixture-only; integration-not-run,not-run,not-run,Dated current/relevant-season named-participant schedule sample verified; completeness and live transitions unverified.
espn:soccer:fifa.wcq.ply,FIFA World Cup Qualifying - Playoff Tournament,soccer,W2-team-and-soccer,limited,docs/sports-coverage/evidence/soccer--fifa.wcq.ply.json,https://site.api.espn.com/apis/site/v2/sports/soccer/fifa.wcq.ply/scoreboard,2026-09-24T21:02:42.077999+00:00,schedule;final-result,provider-fixture-only; integration-not-run,not-run,not-run,Dated current/relevant-season named-participant schedule sample verified; completeness and live transitions unverified.
espn:soccer:fifa.worldq.concacaf,FIFA World Cup Qualifying - Concacaf,soccer,W2-team-and-soccer,candidate,docs/sports-coverage/evidence/soccer--fifa.worldq.concacaf.json,https://site.api.espn.com/apis/site/v2/sports/soccer/fifa.worldq.concacaf/scoreboard,2026-09-24T21:02:42.179499+00:00,,provider-fixture-only; integration-not-run,not-run,not-run,"Default sample is dated 2025-11-19T01:00Z; tested2026 query yields 0 events and 0 named participant records, without a usable2026 sample. Competition retirement or alias identity is not established. Resolve current official competition calendar and an authorized source; if cyclical, corroborate edition before archival/history classification. Do not poll this candidate as current."
espn:soccer:fifa.worldq.afc,FIFA World Cup Qualifying - AFC,soccer,W2-team-and-soccer,candidate,docs/sports-coverage/evidence/soccer--fifa.worldq.afc.json,https://site.api.espn.com/apis/site/v2/sports/soccer/fifa.worldq.afc/scoreboard,2026-09-24T21:02:42.588323+00:00,,provider-fixture-only; integration-not-run,not-run,not-run,"Default sample is dated 2025-11-18T16:00Z; tested2026 query yields 0 events and 0 named participant records, without a usable2026 sample. Competition retirement or alias identity is not established. Resolve current official competition calendar and an authorized source; if cyclical, corroborate edition before archival/history classification. Do not poll this candidate as current."
espn:soccer:fifa.worldq.caf,FIFA World Cup Qualifying - CAF,soccer,W2-team-and-soccer,candidate,docs/sports-coverage/evidence/soccer--fifa.worldq.caf.json,https://site.api.espn.com/apis/site/v2/sports/soccer/fifa.worldq.caf/scoreboard,2026-09-24T21:02:42.897733+00:00,,provider-fixture-only; integration-not-run,not-run,not-run,"Default sample is dated 2025-11-16T19:00Z; tested2026 query yields 0 events and 0 named participant records, without a usable2026 sample. Competition retirement or alias identity is not established. Resolve current official competition calendar and an authorized source; if cyclical, corroborate edition before archival/history classification. Do not poll this candidate as current."
espn:soccer:fifa.worldq.conmebol,FIFA World Cup Qualifying - CONMEBOL,soccer,W2-team-and-soccer,candidate,docs/sports-coverage/evidence/soccer--fifa.worldq.conmebol.json,https://site.api.espn.com/apis/site/v2/sports/soccer/fifa.worldq.conmebol/scoreboard,2026-09-24T21:02:43.060431+00:00,,provider-fixture-only; integration-not-run,not-run,not-run,"Default sample is dated 2025-09-09T23:00Z; tested2026 query yields 0 events and 0 named participant records, without a usable2026 sample. Competition retirement or alias identity is not established. Resolve current official competition calendar and an authorized source; if cyclical, corroborate edition before archival/history classification. Do not poll this candidate as current."
espn:soccer:fifa.worldq.ofc,FIFA World Cup Qualifying - OFC,soccer,W2-team-and-soccer,candidate,docs/sports-coverage/evidence/soccer--fifa.worldq.ofc.json,https://site.api.espn.com/apis/site/v2/sports/soccer/fifa.worldq.ofc/scoreboard,2026-09-24T21:02:43.197649+00:00,,provider-fixture-only; integration-not-run,not-run,not-run,"Default sample is dated 2025-03-24T06:00Z; tested2026 query yields 0 events and 0 named participant records, without a usable2026 sample. Competition retirement or alias identity is not established. Resolve current official competition calendar and an authorized source; if cyclical, corroborate edition before archival/history classification. Do not poll this candidate as current."
espn:soccer:fifa.friendly.w,Women's International Friendly,soccer,W2-team-and-soccer,limited,docs/sports-coverage/evidence/soccer--fifa.friendly.w.json,https://site.api.espn.com/apis/site/v2/sports/soccer/fifa.friendly.w/scoreboard,2026-09-24T21:02:43.659501+00:00,schedule,provider-fixture-only; integration-not-run,not-run,not-run,Dated current/relevant-season named-participant schedule sample verified; completeness and live transitions unverified.
espn:soccer:fifa.wworldq.uefa,FIFA Women's World Cup Qualifying - UEFA,soccer,W2-team-and-soccer,limited,docs/sports-coverage/evidence/soccer--fifa.wworldq.uefa.json,https://site.api.espn.com/apis/site/v2/sports/soccer/fifa.wworldq.uefa/scoreboard,2026-09-24T21:02:43.791309+00:00,schedule,provider-fixture-only; integration-not-run,not-run,not-run,Dated current/relevant-season named-participant schedule sample verified; completeness and live transitions unverified.
espn:soccer:fifa.wwcq.ply,FIFA Women's World Cup Qualifying - Playoff Tournament,soccer,W2-team-and-soccer,candidate,docs/sports-coverage/evidence/soccer--fifa.wwcq.ply.json,https://site.api.espn.com/apis/site/v2/sports/soccer/fifa.wwcq.ply/scoreboard,2026-09-24T21:02:44.007505+00:00,,provider-fixture-only; integration-not-run,not-run,not-run,"Default sample is dated 2023-02-22T06:30Z; tested2026 query yields 0 events and 0 named participant records, without a usable2026 sample. Competition retirement or alias identity is not established. Resolve current official competition calendar and an authorized source; if cyclical, corroborate edition before archival/history classification. Do not poll this candidate as current."
espn:soccer:uefa.w.nations,UEFA Women's Nations League,soccer,W2-team-and-soccer,candidate,docs/sports-coverage/evidence/soccer--uefa.w.nations.json,https://site.api.espn.com/apis/site/v2/sports/soccer/uefa.w.nations/scoreboard,2026-09-24T21:02:44.104290+00:00,,provider-fixture-only; integration-not-run,not-run,not-run,"Default sample is dated 2025-12-02T17:30Z; tested2026 query yields 0 events and 0 named participant records, without a usable2026 sample. Competition retirement or alias identity is not established. Resolve current official competition calendar and an authorized source; if cyclical, corroborate edition before archival/history classification. Do not poll this candidate as current."
espn:soccer:usa.w.usl.1,USL Super League,soccer,W2-team-and-soccer,limited,docs/sports-coverage/evidence/soccer--usa.w.usl.1.json,https://site.api.espn.com/apis/site/v2/sports/soccer/usa.w.usl.1/scoreboard,2026-09-24T21:02:44.802272+00:00,schedule,provider-fixture-only; integration-not-run,not-run,not-run,Dated current/relevant-season named-participant schedule sample verified; completeness and live transitions unverified.
espn:soccer:uefa.champions_qual,UEFA Champions League Qualifying,soccer,W2-team-and-soccer,limited,docs/sports-coverage/evidence/soccer--uefa.champions_qual.json,https://site.api.espn.com/apis/site/v2/sports/soccer/uefa.champions_qual/scoreboard,2026-09-24T21:02:44.912390+00:00,schedule;final-result,provider-fixture-only; integration-not-run,not-run,not-run,Dated current/relevant-season named-participant schedule sample verified; completeness and live transitions unverified.
espn:soccer:uefa.wchampions_qual,UEFA Women's Champions League Qualifying,soccer,W2-team-and-soccer,limited,docs/sports-coverage/evidence/soccer--uefa.wchampions_qual.json,https://site.api.espn.com/apis/site/v2/sports/soccer/uefa.wchampions_qual/scoreboard,2026-09-24T21:02:44.994838+00:00,schedule;final-result,provider-fixture-only; integration-not-run,not-run,not-run,Dated current/relevant-season named-participant schedule sample verified; completeness and live transitions unverified.
espn:soccer:eng.w.fa,English Women's FA Cup,soccer,W2-team-and-soccer,limited,docs/sports-coverage/evidence/soccer--eng.w.fa.json,https://site.api.espn.com/apis/site/v2/sports/soccer/eng.w.fa/scoreboard,2026-09-24T21:02:45.069902+00:00,schedule;final-result,provider-fixture-only; integration-not-run,not-run,not-run,Dated current/relevant-season named-participant schedule sample verified; completeness and live transitions unverified.
espn:soccer:eng.w.league_cup,English WSL Players Cup,soccer,W2-team-and-soccer,limited,docs/sports-coverage/evidence/soccer--eng.w.league_cup.json,https://site.api.espn.com/apis/site/v2/sports/soccer/eng.w.league_cup/scoreboard,2026-09-24T21:02:45.803254+00:00,schedule;final-result,provider-fixture-only; integration-not-run,not-run,not-run,Dated current/relevant-season named-participant schedule sample verified; completeness and live transitions unverified.
espn:soccer:esp.w.1,Spanish Liga F,soccer,W2-team-and-soccer,limited,docs/sports-coverage/evidence/soccer--esp.w.1.json,https://site.api.espn.com/apis/site/v2/sports/soccer/esp.w.1/scoreboard,2026-09-24T21:02:45.940390+00:00,schedule,provider-fixture-only; integration-not-run,not-run,not-run,Dated current/relevant-season named-participant schedule sample verified; completeness and live transitions unverified.
espn:soccer:esp.copa_de_la_reina,Spanish Copa de la Reina,soccer,W2-team-and-soccer,limited,docs/sports-coverage/evidence/soccer--esp.copa_de_la_reina.json,https://site.api.espn.com/apis/site/v2/sports/soccer/esp.copa_de_la_reina/scoreboard,2026-09-24T21:02:46.014723+00:00,schedule,provider-fixture-only; integration-not-run,not-run,not-run,Dated current/relevant-season named-participant schedule sample verified; completeness and live transitions unverified.
espn:soccer:fra.w.1,French Première Ligue,soccer,W2-team-and-soccer,limited,docs/sports-coverage/evidence/soccer--fra.w.1.json,https://site.api.espn.com/apis/site/v2/sports/soccer/fra.w.1/scoreboard,2026-09-24T21:02:46.056877+00:00,schedule;final-result,provider-fixture-only; integration-not-run,not-run,not-run,Dated current/relevant-season named-participant schedule sample verified; completeness and live transitions unverified.
espn:soccer:ned.cup,Dutch KNVB Beker,soccer,W2-team-and-soccer,limited,docs/sports-coverage/evidence/soccer--ned.cup.json,https://site.api.espn.com/apis/site/v2/sports/soccer/ned.cup/scoreboard,2026-09-24T21:02:46.800877+00:00,schedule;final-result,provider-fixture-only; integration-not-run,not-run,not-run,Dated current/relevant-season named-participant schedule sample verified; completeness and live transitions unverified.
espn:soccer:sco.1,Scottish Premiership,soccer,W2-team-and-soccer,limited,docs/sports-coverage/evidence/soccer--sco.1.json,https://site.api.espn.com/apis/site/v2/sports/soccer/sco.1/scoreboard,2026-09-24T21:02:46.866091+00:00,schedule;final-result,provider-fixture-only; integration-not-run,not-run,not-run,Dated current/relevant-season named-participant schedule sample verified; completeness and live transitions unverified.
espn:soccer:sco.tennents,Scottish Cup,soccer,W2-team-and-soccer,limited,docs/sports-coverage/evidence/soccer--sco.tennents.json,https://site.api.espn.com/apis/site/v2/sports/soccer/sco.tennents/scoreboard,2026-09-24T21:02:46.941167+00:00,schedule,provider-fixture-only; integration-not-run,not-run,not-run,Dated current/relevant-season named-participant schedule sample verified; completeness and live transitions unverified.
espn:soccer:sco.cis,Scottish League Cup,soccer,W2-team-and-soccer,limited,docs/sports-coverage/evidence/soccer--sco.cis.json,https://site.api.espn.com/apis/site/v2/sports/soccer/sco.cis/scoreboard,2026-09-24T21:02:46.987418+00:00,schedule;final-result,provider-fixture-only; integration-not-run,not-run,not-run,Dated current/relevant-season named-participant schedule sample verified; completeness and live transitions unverified.
espn:soccer:aus.1,Australian A-League Men,soccer,W2-team-and-soccer,limited,docs/sports-coverage/evidence/soccer--aus.1.json,https://site.api.espn.com/apis/site/v2/sports/soccer/aus.1/scoreboard,2026-09-24T21:02:47.712825+00:00,schedule,provider-fixture-only; integration-not-run,not-run,not-run,Dated current/relevant-season named-participant schedule sample verified; completeness and live transitions unverified.
espn:soccer:aus.w.1,Australian A-League Women,soccer,W2-team-and-soccer,limited,docs/sports-coverage/evidence/soccer--aus.w.1.json,https://site.api.espn.com/apis/site/v2/sports/soccer/aus.w.1/scoreboard,2026-09-24T21:02:47.795404+00:00,schedule,provider-fixture-only; integration-not-run,not-run,not-run,Dated current/relevant-season named-participant schedule sample verified; completeness and live transitions unverified.
espn:soccer:ksa.kings.cup,Saudi King's Cup,soccer,W2-team-and-soccer,limited,docs/sports-coverage/evidence/soccer--ksa.kings.cup.json,https://site.api.espn.com/apis/site/v2/sports/soccer/ksa.kings.cup/scoreboard,2026-09-24T21:02:47.889176+00:00,schedule;final-result,provider-fixture-only; integration-not-run,not-run,not-run,Dated current/relevant-season named-participant schedule sample verified; completeness and live transitions unverified.
espn:soccer:por.taca.portugal,Taca de Portugal,soccer,W2-team-and-soccer,limited,docs/sports-coverage/evidence/soccer--por.taca.portugal.json,https://site.api.espn.com/apis/site/v2/sports/soccer/por.taca.portugal/scoreboard,2026-09-24T21:02:47.921285+00:00,schedule,provider-fixture-only; integration-not-run,not-run,not-run,Dated current/relevant-season named-participant schedule sample verified; completeness and live transitions unverified.
espn:soccer:tur.1,Turkish Super Lig,soccer,W2-team-and-soccer,limited,docs/sports-coverage/evidence/soccer--tur.1.json,https://site.api.espn.com/apis/site/v2/sports/soccer/tur.1/scoreboard,2026-09-24T21:02:48.661249+00:00,schedule;final-result,provider-fixture-only; integration-not-run,not-run,not-run,Dated current/relevant-season named-participant schedule sample verified; completeness and live transitions unverified.
espn:soccer:caf.nations,Africa Cup of Nations,soccer,W2-team-and-soccer,limited,docs/sports-coverage/evidence/soccer--caf.nations.json,https://site.api.espn.com/apis/site/v2/sports/soccer/caf.nations/scoreboard,2026-09-24T21:02:48.770471+00:00,schedule;final-result,provider-fixture-only; integration-not-run,not-run,not-run,Dated current/relevant-season named-participant schedule sample verified; completeness and live transitions unverified.
espn:soccer:afc.champions,AFC Champions League Elite,soccer,W2-team-and-soccer,limited,docs/sports-coverage/evidence/soccer--afc.champions.json,https://site.api.espn.com/apis/site/v2/sports/soccer/afc.champions/scoreboard,2026-09-24T21:02:48.800169+00:00,schedule;final-result,provider-fixture-only; integration-not-run,not-run,not-run,Dated current/relevant-season named-participant schedule sample verified; completeness and live transitions unverified.
espn:soccer:caf.nations_qual,Africa Cup of Nations Qualifying,soccer,W2-team-and-soccer,limited,docs/sports-coverage/evidence/soccer--caf.nations_qual.json,https://site.api.espn.com/apis/site/v2/sports/soccer/caf.nations_qual/scoreboard,2026-09-24T21:02:48.854754+00:00,schedule;final-result,provider-fixture-only; integration-not-run,not-run,not-run,Dated current/relevant-season named-participant schedule sample verified; completeness and live transitions unverified.
espn:soccer:afc.cup,AFC Champions League Two,soccer,W2-team-and-soccer,limited,docs/sports-coverage/evidence/soccer--afc.cup.json,https://site.api.espn.com/apis/site/v2/sports/soccer/afc.cup/scoreboard,2026-09-24T21:02:49.612699+00:00,schedule;final-result,provider-fixture-only; integration-not-run,not-run,not-run,Dated current/relevant-season named-participant schedule sample verified; completeness and live transitions unverified.
espn:soccer:fifa.cwc,FIFA Club World Cup,soccer,W2-team-and-soccer,candidate,docs/sports-coverage/evidence/soccer--fifa.cwc.json,https://site.api.espn.com/apis/site/v2/sports/soccer/fifa.cwc/scoreboard,2026-09-24T21:02:49.709455+00:00,,provider-fixture-only; integration-not-run,not-run,not-run,"Default sample is dated 2025-07-13T19:00Z; tested2026 query yields 0 events and 0 named participant records, without a usable2026 sample. Competition retirement or alias identity is not established. Resolve current official competition calendar and an authorized source; if cyclical, corroborate edition before archival/history classification. Do not poll this candidate as current."
espn:soccer:fifa.olympics,Men's Olympic Soccer Tournament,soccer,W2-team-and-soccer,archival,docs/sports-coverage/evidence/soccer--fifa.olympics.json,https://site.api.espn.com/apis/site/v2/sports/soccer/fifa.olympics/scoreboard,2026-09-24T21:02:49.740550+00:00,,provider-fixture-only; integration-not-run,not-run,not-run,"LA28 official program includes baseball, basketball, golf, rugby sevens and football in the 2028 summer edition. Existing provider samples are historical editions, not retired sports. Historical fixture retained; excluded from live refresh until a future edition is independently validated."
espn:soccer:fifa.w.olympics,Women's Olympic Soccer Tournament,soccer,W2-team-and-soccer,archival,docs/sports-coverage/evidence/soccer--fifa.w.olympics.json,https://site.api.espn.com/apis/site/v2/sports/soccer/fifa.w.olympics/scoreboard,2026-09-24T21:02:49.769688+00:00,,provider-fixture-only; integration-not-run,not-run,not-run,"LA28 official program includes baseball, basketball, golf, rugby sevens and football in the 2028 summer edition. Existing provider samples are historical editions, not retired sports. Historical fixture retained; excluded from live refresh until a future edition is independently validated."
espn:soccer:concacaf.gold,Concacaf Gold Cup,soccer,W2-team-and-soccer,candidate,docs/sports-coverage/evidence/soccer--concacaf.gold.json,https://site.api.espn.com/apis/site/v2/sports/soccer/concacaf.gold/scoreboard,2026-09-24T21:02:50.538646+00:00,,provider-fixture-only; integration-not-run,not-run,not-run,"Default sample is dated 2025-07-06T23:00Z; tested2026 query yields 0 events and 0 named participant records, without a usable2026 sample. Competition retirement or alias identity is not established. Resolve current official competition calendar and an authorized source; if cyclical, corroborate edition before archival/history classification. Do not poll this candidate as current."
espn:soccer:concacaf.gold_qual,Concacaf Gold Cup Qualifying,soccer,W2-team-and-soccer,candidate,docs/sports-coverage/evidence/soccer--concacaf.gold_qual.json,https://site.api.espn.com/apis/site/v2/sports/soccer/concacaf.gold_qual/scoreboard,2026-09-24T21:02:50.660651+00:00,,provider-fixture-only; integration-not-run,not-run,not-run,"Default sample is dated 2025-03-25T23:00Z; tested2026 query yields 0 events and 0 named participant records, without a usable2026 sample. Competition retirement or alias identity is not established. Resolve current official competition calendar and an authorized source; if cyclical, corroborate edition before archival/history classification. Do not poll this candidate as current."
espn:soccer:concacaf.w.gold,Concacaf W Gold Cup,soccer,W2-team-and-soccer,candidate,docs/sports-coverage/evidence/soccer--concacaf.w.gold.json,https://site.api.espn.com/apis/site/v2/sports/soccer/concacaf.w.gold/scoreboard,2026-09-24T21:02:50.691990+00:00,,provider-fixture-only; integration-not-run,not-run,not-run,"Default sample is dated 2024-03-11T00:15Z; tested2026 query yields 0 events and 0 named participant records, without a usable2026 sample. Competition retirement or alias identity is not established. Resolve current official competition calendar and an authorized source; if cyclical, corroborate edition before archival/history classification. Do not poll this candidate as current."
espn:soccer:concacaf.confederations_playoff,Concacaf Cup,soccer,W2-team-and-soccer,candidate,docs/sports-coverage/evidence/soccer--concacaf.confederations_playoff.json,https://site.api.espn.com/apis/site/v2/sports/soccer/concacaf.confederations_playoff/scoreboard,2026-09-24T21:02:50.790384+00:00,,provider-fixture-only; integration-not-run,not-run,not-run,"Default sample is dated 2015-10-11T01:30Z; tested2026 query yields 0 events and 0 named participant records, without a usable2026 sample. Competition retirement or alias identity is not established. Resolve current official competition calendar and an authorized source; if cyclical, corroborate edition before archival/history classification. Do not poll this candidate as current."
espn:soccer:concacaf.w.champions_cup,Concacaf W Champions Cup,soccer,W2-team-and-soccer,limited,docs/sports-coverage/evidence/soccer--concacaf.w.champions_cup.json,https://site.api.espn.com/apis/site/v2/sports/soccer/concacaf.w.champions_cup/scoreboard,2026-09-24T21:02:51.504399+00:00,schedule;final-result,provider-fixture-only; integration-not-run,not-run,not-run,Dated current/relevant-season named-participant schedule sample verified; completeness and live transitions unverified.
espn:soccer:concacaf.womens.championship,Concacaf W Championship,soccer,W2-team-and-soccer,limited,docs/sports-coverage/evidence/soccer--concacaf.womens.championship.json,https://site.api.espn.com/apis/site/v2/sports/soccer/concacaf.womens.championship/scoreboard,2026-09-24T21:02:51.557460+00:00,schedule,provider-fixture-only; integration-not-run,not-run,not-run,Dated current/relevant-season named-participant schedule sample verified; completeness and live transitions unverified.
espn:soccer:uefa.euro,UEFA European Championship,soccer,W2-team-and-soccer,archival,docs/sports-coverage/evidence/soccer--uefa.euro.json,https://site.api.espn.com/apis/site/v2/sports/soccer/uefa.euro/scoreboard,2026-09-24T21:02:51.626281+00:00,,provider-fixture-only; integration-not-run,not-run,not-run,UEFA identifies next tournament in2028 and qualifying in2027; returned2024 edition is historical cycle. Historical fixture retained; excluded from live refresh until a future edition is independently validated.
espn:soccer:uefa.euroq,UEFA European Championship Qualifying,soccer,W2-team-and-soccer,archival,docs/sports-coverage/evidence/soccer--uefa.euroq.json,https://site.api.espn.com/apis/site/v2/sports/soccer/uefa.euroq/scoreboard,2026-09-24T21:02:51.732859+00:00,,provider-fixture-only; integration-not-run,not-run,not-run,UEFA identifies next qualification in2027; returned2024 qualifying edition is historical cycle. Historical fixture retained; excluded from live refresh until a future edition is independently validated.
espn:soccer:uefa.weuro,UEFA Women's European Championship,soccer,W2-team-and-soccer,archival,docs/sports-coverage/evidence/soccer--uefa.weuro.json,https://site.api.espn.com/apis/site/v2/sports/soccer/uefa.weuro/scoreboard,2026-09-24T21:02:52.473533+00:00,,provider-fixture-only; integration-not-run,not-run,not-run,Official UEFA2025 final reference matches dated historical provider final. No2026 schedule asserted. Historical fixture retained; excluded from live refresh until a future edition is independently validated.
espn:soccer:uefa.euro_u21,UEFA European Under-21 Championship,soccer,W2-team-and-soccer,candidate,docs/sports-coverage/evidence/soccer--uefa.euro_u21.json,https://site.api.espn.com/apis/site/v2/sports/soccer/uefa.euro_u21/scoreboard,2026-09-24T21:02:52.506326+00:00,,provider-fixture-only; integration-not-run,not-run,not-run,"Default sample is dated 2025-06-28T19:00Z; tested2026 query yields 0 events and 0 named participant records, without a usable2026 sample. Competition retirement or alias identity is not established. Resolve current official competition calendar and an authorized source; if cyclical, corroborate edition before archival/history classification. Do not poll this candidate as current."
espn:soccer:uefa.super_cup,UEFA Super Cup,soccer,W2-team-and-soccer,limited,docs/sports-coverage/evidence/soccer--uefa.super_cup.json,https://site.api.espn.com/apis/site/v2/sports/soccer/uefa.super_cup/scoreboard,2026-09-24T21:02:52.602886+00:00,schedule;final-result,provider-fixture-only; integration-not-run,not-run,not-run,Dated current/relevant-season named-participant schedule sample verified; completeness and live transitions unverified.
espn:soccer:conmebol.america,Copa América,soccer,W2-team-and-soccer,candidate,docs/sports-coverage/evidence/soccer--conmebol.america.json,https://site.api.espn.com/apis/site/v2/sports/soccer/conmebol.america/scoreboard,2026-09-24T21:02:52.701805+00:00,,provider-fixture-only; integration-not-run,not-run,not-run,"Default sample is dated 2024-07-15T01:15Z; tested2026 query yields 0 events and 0 named participant records, without a usable2026 sample. Competition retirement or alias identity is not established. Resolve current official competition calendar and an authorized source; if cyclical, corroborate edition before archival/history classification. Do not poll this candidate as current."
espn:soccer:conmebol.america.femenina,Copa América Femenina,soccer,W2-team-and-soccer,candidate,docs/sports-coverage/evidence/soccer--conmebol.america.femenina.json,https://site.api.espn.com/apis/site/v2/sports/soccer/conmebol.america.femenina/scoreboard,2026-09-24T21:02:53.423260+00:00,,provider-fixture-only; integration-not-run,not-run,not-run,"Default sample is dated 2025-08-02T21:00Z; tested2026 query yields 0 events and 0 named participant records, without a usable2026 sample. Competition retirement or alias identity is not established. Resolve current official competition calendar and an authorized source; if cyclical, corroborate edition before archival/history classification. Do not poll this candidate as current."
espn:soccer:usa.usl.1,USL Championship,soccer,W2-team-and-soccer,limited,docs/sports-coverage/evidence/soccer--usa.usl.1.json,https://site.api.espn.com/apis/site/v2/sports/soccer/usa.usl.1/scoreboard,2026-09-24T21:02:53.498057+00:00,schedule,provider-fixture-only; integration-not-run,not-run,not-run,Dated current/relevant-season named-participant schedule sample verified; completeness and live transitions unverified.
espn:soccer:usa.usl.l1,USL League One,soccer,W2-team-and-soccer,limited,docs/sports-coverage/evidence/soccer--usa.usl.l1.json,https://site.api.espn.com/apis/site/v2/sports/soccer/usa.usl.l1/scoreboard,2026-09-24T21:02:53.509935+00:00,schedule,provider-fixture-only; integration-not-run,not-run,not-run,Dated current/relevant-season named-participant schedule sample verified; completeness and live transitions unverified.
espn:soccer:usa.usl.l1.cup,USL Cup,soccer,W2-team-and-soccer,limited,docs/sports-coverage/evidence/soccer--usa.usl.l1.cup.json,https://site.api.espn.com/apis/site/v2/sports/soccer/usa.usl.l1.cup/scoreboard,2026-09-24T21:02:53.624624+00:00,schedule,provider-fixture-only; integration-not-run,not-run,not-run,Dated current/relevant-season named-participant schedule sample verified; completeness and live transitions unverified.
espn:soccer:mex.2,Mexican Liga de Expansión MX,soccer,W2-team-and-soccer,limited,docs/sports-coverage/evidence/soccer--mex.2.json,https://site.api.espn.com/apis/site/v2/sports/soccer/mex.2/scoreboard,2026-09-24T21:02:54.418049+00:00,schedule,provider-fixture-only; integration-not-run,not-run,not-run,Dated current/relevant-season named-participant sample verified; live transitions and season completeness unverified.
espn:soccer:global.finalissima,CONMEBOL-UEFA Cup of Champions,soccer,W2-team-and-soccer,limited,docs/sports-coverage/evidence/soccer--global.finalissima.json,https://site.api.espn.com/apis/site/v2/sports/soccer/global.finalissima/scoreboard,2026-09-24T21:02:54.418192+00:00,schedule,provider-fixture-only; integration-not-run,not-run,not-run,Dated current/relevant-season named-participant schedule sample verified; completeness and live transitions unverified.
espn:soccer:global.u20.intercontinental_cup,CONMEBOL-UEFA U20 Intercontinental Cup,soccer,W2-team-and-soccer,limited,docs/sports-coverage/evidence/soccer--global.u20.intercontinental_cup.json,https://site.api.espn.com/apis/site/v2/sports/soccer/global.u20.intercontinental_cup/scoreboard,2026-09-24T21:02:54.497372+00:00,schedule;final-result,provider-fixture-only; integration-not-run,not-run,not-run,Dated current/relevant-season named-participant schedule sample verified; completeness and live transitions unverified.
espn:soccer:global.w.finalissima,CONMEBOL-UEFA Women's Cup of Champions,soccer,W2-team-and-soccer,candidate,docs/sports-coverage/evidence/soccer--global.w.finalissima.json,https://site.api.espn.com/apis/site/v2/sports/soccer/global.w.finalissima/scoreboard,2026-09-24T21:02:55.012856+00:00,,provider-fixture-only; integration-not-run,not-run,not-run,"Default sample is dated 2023-04-06T18:45Z; tested2026 query yields 0 events and 0 named participant records, without a usable2026 sample. Competition retirement or alias identity is not established. Resolve current official competition calendar and an authorized source; if cyclical, corroborate edition before archival/history classification. Do not poll this candidate as current."
espn:soccer:fifa.world.u20,FIFA Under-20 World Cup,soccer,W2-team-and-soccer,candidate,docs/sports-coverage/evidence/soccer--fifa.world.u20.json,https://site.api.espn.com/apis/site/v2/sports/soccer/fifa.world.u20/scoreboard,2026-09-24T21:02:55.326987+00:00,,provider-fixture-only; integration-not-run,not-run,not-run,"Default sample is dated 2025-10-19T23:00Z; tested2026 query yields 0 events and 0 named participant records, without a usable2026 sample. Competition retirement or alias identity is not established. Resolve current official competition calendar and an authorized source; if cyclical, corroborate edition before archival/history classification. Do not poll this candidate as current."
espn:soccer:afc.asian.cup,AFC Asian Cup,soccer,W2-team-and-soccer,limited,docs/sports-coverage/evidence/soccer--afc.asian.cup.json,https://site.api.espn.com/apis/site/v2/sports/soccer/afc.asian.cup/scoreboard,2026-09-24T21:02:55.387811+00:00,schedule,provider-fixture-only; integration-not-run,not-run,not-run,Dated current/relevant-season named-participant schedule sample verified; completeness and live transitions unverified.
espn:soccer:afc.w.asian.cup,AFC Women's Asian Cup,soccer,W2-team-and-soccer,limited,docs/sports-coverage/evidence/soccer--afc.w.asian.cup.json,https://site.api.espn.com/apis/site/v2/sports/soccer/afc.w.asian.cup/scoreboard,2026-09-24T21:02:55.478482+00:00,schedule;final-result,provider-fixture-only; integration-not-run,not-run,not-run,Dated current/relevant-season named-participant schedule sample verified; completeness and live transitions unverified.
espn:soccer:afc.cupq,AFC Asian Cup Qualifiers,soccer,W2-team-and-soccer,limited,docs/sports-coverage/evidence/soccer--afc.cupq.json,https://site.api.espn.com/apis/site/v2/sports/soccer/afc.cupq/scoreboard,2026-09-24T21:02:55.944575+00:00,schedule;final-result,provider-fixture-only; integration-not-run,not-run,not-run,Dated current/relevant-season named-participant schedule sample verified; completeness and live transitions unverified.
espn:soccer:aff.championship,ASEAN Championship,soccer,W2-team-and-soccer,limited,docs/sports-coverage/evidence/soccer--aff.championship.json,https://site.api.espn.com/apis/site/v2/sports/soccer/aff.championship/scoreboard,2026-09-24T21:02:56.241111+00:00,schedule;final-result,provider-fixture-only; integration-not-run,not-run,not-run,Dated current/relevant-season named-participant schedule sample verified; completeness and live transitions unverified.
espn:soccer:caf.w.nations,Women's Africa Cup of Nations,soccer,W2-team-and-soccer,limited,docs/sports-coverage/evidence/soccer--caf.w.nations.json,https://site.api.espn.com/apis/site/v2/sports/soccer/caf.w.nations/scoreboard,2026-09-24T21:02:56.308141+00:00,schedule;final-result,provider-fixture-only; integration-not-run,not-run,not-run,Dated current/relevant-season named-participant schedule sample verified; completeness and live transitions unverified.
espn:soccer:caf.championship,African Nations Championship,soccer,W2-team-and-soccer,candidate,docs/sports-coverage/evidence/soccer--caf.championship.json,https://site.api.espn.com/apis/site/v2/sports/soccer/caf.championship/scoreboard,2026-09-24T21:02:56.451551+00:00,,provider-fixture-only; integration-not-run,not-run,not-run,"Default sample is dated 2025-08-30T15:00Z; tested2026 query yields 0 events and 0 named participant records, without a usable2026 sample. Competition retirement or alias identity is not established. Resolve current official competition calendar and an authorized source; if cyclical, corroborate edition before archival/history classification. Do not poll this candidate as current."
espn:soccer:can.w.nsl,Northern Super League,soccer,W2-team-and-soccer,limited,docs/sports-coverage/evidence/soccer--can.w.nsl.json,https://site.api.espn.com/apis/site/v2/sports/soccer/can.w.nsl/scoreboard,2026-09-24T21:02:56.860114+00:00,schedule,provider-fixture-only; integration-not-run,not-run,not-run,Dated current/relevant-season named-participant schedule sample verified; completeness and live transitions unverified.
espn:soccer:uefa.europa_qual,UEFA Europa League Qualifying,soccer,W2-team-and-soccer,limited,docs/sports-coverage/evidence/soccer--uefa.europa_qual.json,https://site.api.espn.com/apis/site/v2/sports/soccer/uefa.europa_qual/scoreboard,2026-09-24T21:02:57.197516+00:00,schedule;final-result,provider-fixture-only; integration-not-run,not-run,not-run,Dated current/relevant-season named-participant schedule sample verified; completeness and live transitions unverified.
espn:soccer:uefa.europa.conf_qual,UEFA Conference League Qualifying,soccer,W2-team-and-soccer,limited,docs/sports-coverage/evidence/soccer--uefa.europa.conf_qual.json,https://site.api.espn.com/apis/site/v2/sports/soccer/uefa.europa.conf_qual/scoreboard,2026-09-24T21:02:57.228620+00:00,schedule;final-result,provider-fixture-only; integration-not-run,not-run,not-run,Dated current/relevant-season named-participant schedule sample verified; completeness and live transitions unverified.
espn:soccer:uefa.w.europa,UEFA Women's Europa Cup,soccer,W2-team-and-soccer,limited,docs/sports-coverage/evidence/soccer--uefa.w.europa.json,https://site.api.espn.com/apis/site/v2/sports/soccer/uefa.w.europa/scoreboard,2026-09-24T21:02:57.454672+00:00,schedule,provider-fixture-only; integration-not-run,not-run,not-run,Dated current/relevant-season named-participant schedule sample verified; completeness and live transitions unverified.
espn:soccer:fifa.intercontinental_cup,FIFA Intercontinental Cup,soccer,W2-team-and-soccer,limited,docs/sports-coverage/evidence/soccer--fifa.intercontinental_cup.json,https://site.api.espn.com/apis/site/v2/sports/soccer/fifa.intercontinental_cup/scoreboard,2026-09-24T21:02:57.828832+00:00,schedule;final-result,provider-fixture-only; integration-not-run,not-run,not-run,Dated current/relevant-season named-participant schedule sample verified; completeness and live transitions unverified.
espn:soccer:afc.champions_qual,AFC Champions League Elite Qualifying,soccer,W2-team-and-soccer,limited,docs/sports-coverage/evidence/soccer--afc.champions_qual.json,https://site.api.espn.com/apis/site/v2/sports/soccer/afc.champions_qual/scoreboard,2026-09-24T21:02:58.132995+00:00,schedule;final-result,provider-fixture-only; integration-not-run,not-run,not-run,Dated current/relevant-season named-participant schedule sample verified; completeness and live transitions unverified.
espn:soccer:afc.cup_qual,AFC Champions League Two Qualifying,soccer,W2-team-and-soccer,limited,docs/sports-coverage/evidence/soccer--afc.cup_qual.json,https://site.api.espn.com/apis/site/v2/sports/soccer/afc.cup_qual/scoreboard,2026-09-24T21:02:58.211786+00:00,schedule;final-result,provider-fixture-only; integration-not-run,not-run,not-run,Dated current/relevant-season named-participant schedule sample verified; completeness and live transitions unverified.
espn:soccer:club.friendly,Club Friendly,soccer,W2-team-and-soccer,limited,docs/sports-coverage/evidence/soccer--club.friendly.json,https://site.api.espn.com/apis/site/v2/sports/soccer/club.friendly/scoreboard,2026-09-24T21:02:58.412112+00:00,schedule;final-result,provider-fixture-only; integration-not-run,not-run,not-run,Dated current/relevant-season named-participant schedule sample verified; completeness and live transitions unverified.
espn:soccer:nonfifa,Non-FIFA Friendly,soccer,W2-team-and-soccer,candidate,docs/sports-coverage/evidence/soccer--nonfifa.json,https://site.api.espn.com/apis/site/v2/sports/soccer/nonfifa/scoreboard,2026-09-24T21:02:58.733685+00:00,,provider-fixture-only; integration-not-run,not-run,not-run,"Default sample is dated 2021-06-30T16:00Z; tested2026 query yields 0 events and 0 named participant records, without a usable2026 sample. Competition retirement or alias identity is not established. Resolve current official competition calendar and an authorized source; if cyclical, corroborate edition before archival/history classification. Do not poll this candidate as current."
espn:soccer:rus.1,Russian Premier League,soccer,W2-team-and-soccer,limited,docs/sports-coverage/evidence/soccer--rus.1.json,https://site.api.espn.com/apis/site/v2/sports/soccer/rus.1/scoreboard,2026-09-24T21:02:59.030341+00:00,schedule;final-result,provider-fixture-only; integration-not-run,not-run,not-run,Dated current/relevant-season named-participant schedule sample verified; completeness and live transitions unverified.
espn:soccer:rus.1.promotion.relegation,Russian Premier League Relegation/Promotion Playoffs,soccer,W2-team-and-soccer,limited,docs/sports-coverage/evidence/soccer--rus.1.promotion.relegation.json,https://site.api.espn.com/apis/site/v2/sports/soccer/rus.1.promotion.relegation/scoreboard,2026-09-24T21:02:59.105575+00:00,schedule;final-result,provider-fixture-only; integration-not-run,not-run,not-run,Dated current/relevant-season named-participant schedule sample verified; completeness and live transitions unverified.
espn:soccer:bel.1,Belgian Pro League,soccer,W2-team-and-soccer,limited,docs/sports-coverage/evidence/soccer--bel.1.json,https://site.api.espn.com/apis/site/v2/sports/soccer/bel.1/scoreboard,2026-09-24T21:02:59.321464+00:00,schedule;final-result,provider-fixture-only; integration-not-run,not-run,not-run,Dated current/relevant-season named-participant schedule sample verified; completeness and live transitions unverified.
espn:soccer:bel.promotion.relegation,Belgian Pro League Promotion/Relegation Playoffs,soccer,W2-team-and-soccer,limited,docs/sports-coverage/evidence/soccer--bel.promotion.relegation.json,https://site.api.espn.com/apis/site/v2/sports/soccer/bel.promotion.relegation/scoreboard,2026-09-24T21:02:59.777372+00:00,schedule;final-result,provider-fixture-only; integration-not-run,not-run,not-run,Dated current/relevant-season named-participant schedule sample verified; completeness and live transitions unverified.
espn:soccer:esp.2,Spanish LALIGA 2,soccer,W2-team-and-soccer,limited,docs/sports-coverage/evidence/soccer--esp.2.json,https://site.api.espn.com/apis/site/v2/sports/soccer/esp.2/scoreboard,2026-09-24T21:02:59.979383+00:00,schedule,provider-fixture-only; integration-not-run,not-run,not-run,Dated current/relevant-season named-participant schedule sample verified; completeness and live transitions unverified.
espn:soccer:ger.2,German 2. Bundesliga,soccer,W2-team-and-soccer,limited,docs/sports-coverage/evidence/soccer--ger.2.json,https://site.api.espn.com/apis/site/v2/sports/soccer/ger.2/scoreboard,2026-09-24T21:03:00.055484+00:00,schedule;final-result,provider-fixture-only; integration-not-run,not-run,not-run,Dated current/relevant-season named-participant schedule sample verified; completeness and live transitions unverified.
espn:soccer:ita.2,Italian Serie B,soccer,W2-team-and-soccer,limited,docs/sports-coverage/evidence/soccer--ita.2.json,https://site.api.espn.com/apis/site/v2/sports/soccer/ita.2/scoreboard,2026-09-24T21:03:00.371839+00:00,schedule;final-result,provider-fixture-only; integration-not-run,not-run,not-run,Dated current/relevant-season named-participant schedule sample verified; completeness and live transitions unverified.
espn:soccer:fra.1.promotion.relegation,French Ligue 1 Promotion/Relegation Playoffs,soccer,W2-team-and-soccer,limited,docs/sports-coverage/evidence/soccer--fra.1.promotion.relegation.json,https://site.api.espn.com/apis/site/v2/sports/soccer/fra.1.promotion.relegation/scoreboard,2026-09-24T21:03:00.714157+00:00,schedule;final-result,provider-fixture-only; integration-not-run,not-run,not-run,Dated current/relevant-season named-participant schedule sample verified; completeness and live transitions unverified.
espn:soccer:fra.2,French Ligue 2,soccer,W2-team-and-soccer,limited,docs/sports-coverage/evidence/soccer--fra.2.json,https://site.api.espn.com/apis/site/v2/sports/soccer/fra.2/scoreboard,2026-09-24T21:03:01.011649+00:00,schedule;final-result,provider-fixture-only; integration-not-run,not-run,not-run,Dated current/relevant-season named-participant schedule sample verified; completeness and live transitions unverified.
espn:soccer:por.1.promotion.relegation,Portuguese Primeira Liga Promotion/Relegation Playoffs,soccer,W2-team-and-soccer,limited,docs/sports-coverage/evidence/soccer--por.1.promotion.relegation.json,https://site.api.espn.com/apis/site/v2/sports/soccer/por.1.promotion.relegation/scoreboard,2026-09-24T21:03:01.095785+00:00,schedule;final-result,provider-fixture-only; integration-not-run,not-run,not-run,Dated current/relevant-season named-participant schedule sample verified; completeness and live transitions unverified.
espn:soccer:aut.1,Austrian Bundesliga,soccer,W2-team-and-soccer,limited,docs/sports-coverage/evidence/soccer--aut.1.json,https://site.api.espn.com/apis/site/v2/sports/soccer/aut.1/scoreboard,2026-09-24T21:03:01.276257+00:00,schedule;final-result,provider-fixture-only; integration-not-run,not-run,not-run,Dated current/relevant-season named-participant schedule sample verified; completeness and live transitions unverified.
espn:soccer:gre.1,Greek Super League,soccer,W2-team-and-soccer,limited,docs/sports-coverage/evidence/soccer--gre.1.json,https://site.api.espn.com/apis/site/v2/sports/soccer/gre.1/scoreboard,2026-09-24T21:03:01.657490+00:00,schedule;final-result,provider-fixture-only; integration-not-run,not-run,not-run,Dated current/relevant-season named-participant schedule sample verified; completeness and live transitions unverified.
espn:soccer:chn.1,Chinese Super League,soccer,W2-team-and-soccer,limited,docs/sports-coverage/evidence/soccer--chn.1.json,https://site.api.espn.com/apis/site/v2/sports/soccer/chn.1/scoreboard,2026-09-24T21:03:01.962956+00:00,schedule;final-result,provider-fixture-only; integration-not-run,not-run,not-run,Dated current/relevant-season named-participant schedule sample verified; completeness and live transitions unverified.
espn:soccer:global.club_challenge,CONMEBOL-UEFA Club Challenge,soccer,W2-team-and-soccer,candidate,docs/sports-coverage/evidence/soccer--global.club_challenge.json,https://site.api.espn.com/apis/site/v2/sports/soccer/global.club_challenge/scoreboard,2026-09-24T21:03:02.066718+00:00,,provider-fixture-only; integration-not-run,not-run,not-run,"Default sample is dated 2023-07-19T20:00Z; tested2026 query yields 0 events and 0 named participant records, without a usable2026 sample. Competition retirement or alias identity is not established. Resolve current official competition calendar and an authorized source; if cyclical, corroborate edition before archival/history classification. Do not poll this candidate as current."
espn:soccer:ned.supercup,Dutch Johan Cruyff Shield,soccer,W2-team-and-soccer,limited,docs/sports-coverage/evidence/soccer--ned.supercup.json,https://site.api.espn.com/apis/site/v2/sports/soccer/ned.supercup/scoreboard,2026-09-24T21:03:02.263654+00:00,schedule;final-result,provider-fixture-only; integration-not-run,not-run,not-run,Dated current/relevant-season named-participant schedule sample verified; completeness and live transitions unverified.
espn:soccer:global.pinatar_cup,Pinatar Cup,soccer,W2-team-and-soccer,candidate,docs/sports-coverage/evidence/soccer--global.pinatar_cup.json,https://site.api.espn.com/apis/site/v2/sports/soccer/global.pinatar_cup/scoreboard,2026-09-24T21:03:02.745692+00:00,,provider-fixture-only; integration-not-run,not-run,not-run,"Default sample is dated 2025-02-25T12:00Z; tested2026 query yields 0 events and 0 named participant records, without a usable2026 sample. Competition retirement or alias identity is not established. Resolve current official competition calendar and an authorized source; if cyclical, corroborate edition before archival/history classification. Do not poll this candidate as current."
espn:soccer:friendly.emirates_cup,Emirates Cup,soccer,W2-team-and-soccer,limited,docs/sports-coverage/evidence/soccer--friendly.emirates_cup.json,https://site.api.espn.com/apis/site/v2/sports/soccer/friendly.emirates_cup/scoreboard,2026-09-24T21:03:02.886269+00:00,schedule;final-result,provider-fixture-only; integration-not-run,not-run,not-run,Dated current/relevant-season named-participant schedule sample verified; completeness and live transitions unverified.
espn:soccer:esp.joan_gamper,Trofeo Joan Gamper,soccer,W2-team-and-soccer,limited,docs/sports-coverage/evidence/soccer--esp.joan_gamper.json,https://site.api.espn.com/apis/site/v2/sports/soccer/esp.joan_gamper/scoreboard,2026-09-24T21:03:03.199164+00:00,schedule;final-result,provider-fixture-only; integration-not-run,not-run,not-run,Dated current/relevant-season named-participant schedule sample verified; completeness and live transitions unverified.
espn:soccer:jpn.world_challenge,Japanese J.League World Challenge,soccer,W2-team-and-soccer,candidate,docs/sports-coverage/evidence/soccer--jpn.world_challenge.json,https://site.api.espn.com/apis/site/v2/sports/soccer/jpn.world_challenge/scoreboard,2026-09-24T21:03:03.267814+00:00,,provider-fixture-only; integration-not-run,not-run,not-run,"Default sample is dated 2025-07-30T10:30Z; tested2026 query yields 0 events and 0 named participant records, without a usable2026 sample. Competition retirement or alias identity is not established. Resolve current official competition calendar and an authorized source; if cyclical, corroborate edition before archival/history classification. Do not poll this candidate as current."
espn:soccer:global.arnold.clark_cup,Arnold Clark Cup,soccer,W2-team-and-soccer,candidate,docs/sports-coverage/evidence/soccer--global.arnold.clark_cup.json,https://site.api.espn.com/apis/site/v2/sports/soccer/global.arnold.clark_cup/scoreboard,2026-09-24T21:03:03.753069+00:00,,provider-fixture-only; integration-not-run,not-run,not-run,"Default sample is dated 2023-02-22T16:45Z; tested2026 query yields 0 events and 0 named participant records, without a usable2026 sample. Competition retirement or alias identity is not established. Resolve current official competition calendar and an authorized source; if cyclical, corroborate edition before archival/history classification. Do not poll this candidate as current."
espn:soccer:fifa.conmebol.olympicsq,CONMEBOL Pre-Olympic Tournament,soccer,W2-team-and-soccer,archival,docs/sports-coverage/evidence/soccer--fifa.conmebol.olympicsq.json,https://site.api.espn.com/apis/site/v2/sports/soccer/fifa.conmebol.olympicsq/scoreboard,2026-09-24T21:03:03.874297+00:00,,provider-fixture-only; integration-not-run,not-run,not-run,"LA28 official program includes baseball, basketball, golf, rugby sevens and football in the 2028 summer edition. Existing provider samples are historical editions, not retired sports. Historical fixture retained; excluded from live refresh until a future edition is independently validated."
espn:soccer:fifa.concacaf.olympicsq,Men's Olympic Qualifying Playoff,soccer,W2-team-and-soccer,archival,docs/sports-coverage/evidence/soccer--fifa.concacaf.olympicsq.json,https://site.api.espn.com/apis/site/v2/sports/soccer/fifa.concacaf.olympicsq/scoreboard,2026-09-24T21:03:04.137523+00:00,,provider-fixture-only; integration-not-run,not-run,not-run,"LA28 official program includes baseball, basketball, golf, rugby sevens and football in the 2028 summer edition. Existing provider samples are historical editions, not retired sports. Historical fixture retained; excluded from live refresh until a future edition is independently validated."
espn:soccer:fifa.w.concacaf.olympicsq,Concacaf Women's Olympic Qualifying,soccer,W2-team-and-soccer,archival,docs/sports-coverage/evidence/soccer--fifa.w.concacaf.olympicsq.json,https://site.api.espn.com/apis/site/v2/sports/soccer/fifa.w.concacaf.olympicsq/scoreboard,2026-09-24T21:03:04.297242+00:00,,provider-fixture-only; integration-not-run,not-run,not-run,"LA28 official program includes baseball, basketball, golf, rugby sevens and football in the 2028 summer edition. Existing provider samples are historical editions, not retired sports. Historical fixture retained; excluded from live refresh until a future edition is independently validated."
espn:soccer:fifa.world.u17,FIFA Under-17 World Cup,soccer,W2-team-and-soccer,limited,docs/sports-coverage/evidence/soccer--fifa.world.u17.json,https://site.api.espn.com/apis/site/v2/sports/soccer/fifa.world.u17/scoreboard,2026-09-24T21:03:04.722416+00:00,schedule,provider-fixture-only; integration-not-run,not-run,not-run,Dated current/relevant-season named-participant schedule sample verified; completeness and live transitions unverified.
espn:soccer:fifa.wworld.u17,FIFA Under-17 Women's World Cup,soccer,W2-team-and-soccer,limited,docs/sports-coverage/evidence/soccer--fifa.wworld.u17.json,https://site.api.espn.com/apis/site/v2/sports/soccer/fifa.wworld.u17/scoreboard,2026-09-24T21:03:04.891935+00:00,schedule,provider-fixture-only; integration-not-run,not-run,not-run,Dated current/relevant-season named-participant schedule sample verified; completeness and live transitions unverified.
espn:soccer:uefa.euro_u21_qual,UEFA European Under-21 Championship Qualifying,soccer,W2-team-and-soccer,limited,docs/sports-coverage/evidence/soccer--uefa.euro_u21_qual.json,https://site.api.espn.com/apis/site/v2/sports/soccer/uefa.euro_u21_qual/scoreboard,2026-09-24T21:03:05.103494+00:00,schedule;final-result,provider-fixture-only; integration-not-run,not-run,not-run,Dated current/relevant-season named-participant schedule sample verified; completeness and live transitions unverified.
espn:soccer:uefa.euro.u19,UEFA European Under-19 Championship,soccer,W2-team-and-soccer,limited,docs/sports-coverage/evidence/soccer--uefa.euro.u19.json,https://site.api.espn.com/apis/site/v2/sports/soccer/uefa.euro.u19/scoreboard,2026-09-24T21:03:05.330418+00:00,schedule;final-result,provider-fixture-only; integration-not-run,not-run,not-run,Dated current/relevant-season named-participant schedule sample verified; completeness and live transitions unverified.
espn:soccer:fifa.friendly_u21,Under-21 International Friendly,soccer,W2-team-and-soccer,limited,docs/sports-coverage/evidence/soccer--fifa.friendly_u21.json,https://site.api.espn.com/apis/site/v2/sports/soccer/fifa.friendly_u21/scoreboard,2026-09-24T21:03:05.703327+00:00,schedule,provider-fixture-only; integration-not-run,not-run,not-run,Dated current/relevant-season named-participant schedule sample verified; completeness and live transitions unverified.
espn:soccer:ger.2.promotion.relegation,German Bundesliga 2. Promotion/Relegation Playoffs,soccer,W2-team-and-soccer,limited,docs/sports-coverage/evidence/soccer--ger.2.promotion.relegation.json,https://site.api.espn.com/apis/site/v2/sports/soccer/ger.2.promotion.relegation/scoreboard,2026-09-24T21:03:05.898064+00:00,schedule;final-result,provider-fixture-only; integration-not-run,not-run,not-run,Dated current/relevant-season named-participant schedule sample verified; completeness and live transitions unverified.
espn:soccer:eng.trophy,English EFL Trophy,soccer,W2-team-and-soccer,limited,docs/sports-coverage/evidence/soccer--eng.trophy.json,https://site.api.espn.com/apis/site/v2/sports/soccer/eng.trophy/scoreboard,2026-09-24T21:03:06.068704+00:00,schedule;final-result,provider-fixture-only; integration-not-run,not-run,not-run,Dated current/relevant-season named-participant schedule sample verified; completeness and live transitions unverified.
espn:soccer:eng.3,English League One,soccer,W2-team-and-soccer,limited,docs/sports-coverage/evidence/soccer--eng.3.json,https://site.api.espn.com/apis/site/v2/sports/soccer/eng.3/scoreboard,2026-09-24T21:03:06.309383+00:00,schedule,provider-fixture-only; integration-not-run,not-run,not-run,Dated current/relevant-season named-participant schedule sample verified; completeness and live transitions unverified.
espn:soccer:eng.4,English League Two,soccer,W2-team-and-soccer,limited,docs/sports-coverage/evidence/soccer--eng.4.json,https://site.api.espn.com/apis/site/v2/sports/soccer/eng.4/scoreboard,2026-09-24T21:03:06.699240+00:00,schedule,provider-fixture-only; integration-not-run,not-run,not-run,Dated current/relevant-season named-participant schedule sample verified; completeness and live transitions unverified.
espn:soccer:eng.5,English National League,soccer,W2-team-and-soccer,limited,docs/sports-coverage/evidence/soccer--eng.5.json,https://site.api.espn.com/apis/site/v2/sports/soccer/eng.5/scoreboard,2026-09-24T21:03:06.864208+00:00,schedule,provider-fixture-only; integration-not-run,not-run,not-run,Dated current/relevant-season named-participant schedule sample verified; completeness and live transitions unverified.
espn:soccer:eng.fa_qual,English FA Cup Qualifying,soccer,W2-team-and-soccer,limited,docs/sports-coverage/evidence/soccer--eng.fa_qual.json,https://site.api.espn.com/apis/site/v2/sports/soccer/eng.fa_qual/scoreboard,2026-09-24T21:03:07.106437+00:00,schedule;final-result,provider-fixture-only; integration-not-run,not-run,not-run,Dated current/relevant-season named-participant schedule sample verified; completeness and live transitions unverified.
espn:soccer:sco.1.promotion.relegation,Scottish Premiership Promotion/Relegation Playoffs,soccer,W2-team-and-soccer,limited,docs/sports-coverage/evidence/soccer--sco.1.promotion.relegation.json,https://site.api.espn.com/apis/site/v2/sports/soccer/sco.1.promotion.relegation/scoreboard,2026-09-24T21:03:07.283021+00:00,schedule;final-result,provider-fixture-only; integration-not-run,not-run,not-run,Dated current/relevant-season named-participant schedule sample verified; completeness and live transitions unverified.
espn:soccer:sco.2,Scottish Championship,soccer,W2-team-and-soccer,limited,docs/sports-coverage/evidence/soccer--sco.2.json,https://site.api.espn.com/apis/site/v2/sports/soccer/sco.2/scoreboard,2026-09-24T21:03:07.656412+00:00,schedule,provider-fixture-only; integration-not-run,not-run,not-run,Dated current/relevant-season named-participant schedule sample verified; completeness and live transitions unverified.
espn:soccer:sco.2.promotion.relegation,Scottish Championship Promotion/Relegation Playoffs,soccer,W2-team-and-soccer,limited,docs/sports-coverage/evidence/soccer--sco.2.promotion.relegation.json,https://site.api.espn.com/apis/site/v2/sports/soccer/sco.2.promotion.relegation/scoreboard,2026-09-24T21:03:07.830940+00:00,schedule;final-result,provider-fixture-only; integration-not-run,not-run,not-run,Dated current/relevant-season named-participant schedule sample verified; completeness and live transitions unverified.
espn:soccer:sco.challenge,Scottish League Challenge Cup,soccer,W2-team-and-soccer,limited,docs/sports-coverage/evidence/soccer--sco.challenge.json,https://site.api.espn.com/apis/site/v2/sports/soccer/sco.challenge/scoreboard,2026-09-24T21:03:08.019828+00:00,schedule,provider-fixture-only; integration-not-run,not-run,not-run,Dated current/relevant-season named-participant schedule sample verified; completeness and live transitions unverified.
espn:soccer:sco.tennents_qual,Scottish Cup Qualifying,soccer,W2-team-and-soccer,limited,docs/sports-coverage/evidence/soccer--sco.tennents_qual.json,https://site.api.espn.com/apis/site/v2/sports/soccer/sco.tennents_qual/scoreboard,2026-09-24T21:03:08.182064+00:00,schedule;final-result,provider-fixture-only; integration-not-run,not-run,not-run,Dated current/relevant-season named-participant schedule sample verified; completeness and live transitions unverified.
espn:soccer:ned.playoff.relegation,Dutch Eredivisie Promotion/Relegation Playoffs,soccer,W2-team-and-soccer,limited,docs/sports-coverage/evidence/soccer--ned.playoff.relegation.json,https://site.api.espn.com/apis/site/v2/sports/soccer/ned.playoff.relegation/scoreboard,2026-09-24T21:03:08.592666+00:00,schedule;final-result,provider-fixture-only; integration-not-run,not-run,not-run,Dated current/relevant-season named-participant schedule sample verified; completeness and live transitions unverified.
espn:soccer:ned.2,Dutch Keuken Kampioen Divisie,soccer,W2-team-and-soccer,limited,docs/sports-coverage/evidence/soccer--ned.2.json,https://site.api.espn.com/apis/site/v2/sports/soccer/ned.2/scoreboard,2026-09-24T21:03:08.723747+00:00,schedule,provider-fixture-only; integration-not-run,not-run,not-run,Dated current/relevant-season named-participant schedule sample verified; completeness and live transitions unverified.
espn:soccer:ned.3.promotion.relegation,Dutch Tweede Divisie Promotion/Relegation Playoffs,soccer,W2-team-and-soccer,limited,docs/sports-coverage/evidence/soccer--ned.3.promotion.relegation.json,https://site.api.espn.com/apis/site/v2/sports/soccer/ned.3.promotion.relegation/scoreboard,2026-09-24T21:03:08.890827+00:00,schedule;final-result,provider-fixture-only; integration-not-run,not-run,not-run,Dated current/relevant-season named-participant schedule sample verified; completeness and live transitions unverified.
espn:soccer:ned.w.knvb_cup,Dutch KNVB Beker Vrouwen,soccer,W2-team-and-soccer,limited,docs/sports-coverage/evidence/soccer--ned.w.knvb_cup.json,https://site.api.espn.com/apis/site/v2/sports/soccer/ned.w.knvb_cup/scoreboard,2026-09-24T21:03:09.077465+00:00,schedule;final-result,provider-fixture-only; integration-not-run,not-run,not-run,Dated current/relevant-season named-participant schedule sample verified; completeness and live transitions unverified.
espn:soccer:ned.w.1,Dutch Vrouwen Eredivisie,soccer,W2-team-and-soccer,limited,docs/sports-coverage/evidence/soccer--ned.w.1.json,https://site.api.espn.com/apis/site/v2/sports/soccer/ned.w.1/scoreboard,2026-09-24T21:03:09.538606+00:00,schedule,provider-fixture-only; integration-not-run,not-run,not-run,Dated current/relevant-season named-participant schedule sample verified; completeness and live transitions unverified.
espn:soccer:swe.1,Swedish Allsvenskan,soccer,W2-team-and-soccer,limited,docs/sports-coverage/evidence/soccer--swe.1.json,https://site.api.espn.com/apis/site/v2/sports/soccer/swe.1/scoreboard,2026-09-24T21:03:09.609811+00:00,schedule;final-result,provider-fixture-only; integration-not-run,not-run,not-run,Dated current/relevant-season named-participant schedule sample verified; completeness and live transitions unverified.
espn:soccer:swe.1.promotion.relegation,Swedish Allsvenskan Promotion/Relegation Playoffs,soccer,W2-team-and-soccer,candidate,docs/sports-coverage/evidence/soccer--swe.1.promotion.relegation.json,https://site.api.espn.com/apis/site/v2/sports/soccer/swe.1.promotion.relegation/scoreboard,2026-09-24T21:03:09.767938+00:00,,provider-fixture-only; integration-not-run,not-run,not-run,"Default sample is dated 2025-11-29T14:00Z; tested2026 query yields 0 events and 0 named participant records, without a usable2026 sample. Competition retirement or alias identity is not established. Resolve current official competition calendar and an authorized source; if cyclical, corroborate edition before archival/history classification. Do not poll this candidate as current."
espn:soccer:den.1,Danish Superliga,soccer,W2-team-and-soccer,limited,docs/sports-coverage/evidence/soccer--den.1.json,https://site.api.espn.com/apis/site/v2/sports/soccer/den.1/scoreboard,2026-09-24T21:03:09.989973+00:00,schedule;final-result,provider-fixture-only; integration-not-run,not-run,not-run,Dated current/relevant-season named-participant schedule sample verified; completeness and live transitions unverified.
espn:soccer:nor.1.promotion.relegation,Norwegian Eliteserien Promotion/Relegation Playoffs,soccer,W2-team-and-soccer,candidate,docs/sports-coverage/evidence/soccer--nor.1.promotion.relegation.json,https://site.api.espn.com/apis/site/v2/sports/soccer/nor.1.promotion.relegation/scoreboard,2026-09-24T21:03:10.479716+00:00,,provider-fixture-only; integration-not-run,not-run,not-run,"Default sample is dated 2025-12-11T18:00Z; tested2026 query yields 0 events and 0 named participant records, without a usable2026 sample. Competition retirement or alias identity is not established. Resolve current official competition calendar and an authorized source; if cyclical, corroborate edition before archival/history classification. Do not poll this candidate as current."
espn:soccer:nor.1,Norwegian Eliteserien,soccer,W2-team-and-soccer,limited,docs/sports-coverage/evidence/soccer--nor.1.json,https://site.api.espn.com/apis/site/v2/sports/soccer/nor.1/scoreboard,2026-09-24T21:03:10.569167+00:00,schedule;final-result,provider-fixture-only; integration-not-run,not-run,not-run,Dated current/relevant-season named-participant schedule sample verified; completeness and live transitions unverified.
espn:soccer:conmebol.sudamericana,CONMEBOL Sudamericana,soccer,W2-team-and-soccer,limited,docs/sports-coverage/evidence/soccer--conmebol.sudamericana.json,https://site.api.espn.com/apis/site/v2/sports/soccer/conmebol.sudamericana/scoreboard,2026-09-24T21:03:10.728557+00:00,schedule;final-result,provider-fixture-only; integration-not-run,not-run,not-run,Dated current/relevant-season named-participant sample verified; live transitions and season completeness unverified.
espn:soccer:conmebol.recopa,CONMEBOL Recopa,soccer,W2-team-and-soccer,limited,docs/sports-coverage/evidence/soccer--conmebol.recopa.json,https://site.api.espn.com/apis/site/v2/sports/soccer/conmebol.recopa/scoreboard,2026-09-24T21:03:11.039919+00:00,schedule;final-result,provider-fixture-only; integration-not-run,not-run,not-run,Dated current/relevant-season named-participant sample verified; live transitions and season completeness unverified.
espn:soccer:arg.1,Argentine Liga Profesional de Fútbol,soccer,W2-team-and-soccer,limited,docs/sports-coverage/evidence/soccer--arg.1.json,https://site.api.espn.com/apis/site/v2/sports/soccer/arg.1/scoreboard,2026-09-24T21:03:11.475727+00:00,schedule;final-result,provider-fixture-only; integration-not-run,not-run,not-run,Dated current/relevant-season named-participant schedule sample verified; completeness and live transitions unverified.
espn:soccer:arg.copa,Copa Argentina,soccer,W2-team-and-soccer,limited,docs/sports-coverage/evidence/soccer--arg.copa.json,https://site.api.espn.com/apis/site/v2/sports/soccer/arg.copa/scoreboard,2026-09-24T21:03:11.477267+00:00,schedule,provider-fixture-only; integration-not-run,not-run,not-run,Dated current/relevant-season named-participant schedule sample verified; completeness and live transitions unverified.
espn:soccer:arg.copa_de_la_superliga,Argentine Copa de la Superliga,soccer,W2-team-and-soccer,candidate,docs/sports-coverage/evidence/soccer--arg.copa_de_la_superliga.json,https://site.api.espn.com/apis/site/v2/sports/soccer/arg.copa_de_la_superliga/scoreboard,2026-09-24T21:03:11.591851+00:00,,provider-fixture-only; integration-not-run,not-run,not-run,"Default sample is dated 2020-12-23T20:10Z; tested2026 query yields 0 events and 0 named participant records, without a usable2026 sample. Competition retirement or alias identity is not established. Resolve current official competition calendar and an authorized source; if cyclical, corroborate edition before archival/history classification. Do not poll this candidate as current."
espn:soccer:arg.trofeo_de_la_campeones,Argentine Trofeo de Campeones,soccer,W2-team-and-soccer,candidate,docs/sports-coverage/evidence/soccer--arg.trofeo_de_la_campeones.json,https://site.api.espn.com/apis/site/v2/sports/soccer/arg.trofeo_de_la_campeones/scoreboard,2026-09-24T21:03:12.053960+00:00,,provider-fixture-only; integration-not-run,not-run,not-run,"Default sample is dated 2025-12-20T21:00Z; tested2026 query yields 0 events and 0 named participant records, without a usable2026 sample. Competition retirement or alias identity is not established. Resolve current official competition calendar and an authorized source; if cyclical, corroborate edition before archival/history classification. Do not poll this candidate as current."
espn:soccer:arg.2,Argentine Nacional B,soccer,W2-team-and-soccer,limited,docs/sports-coverage/evidence/soccer--arg.2.json,https://site.api.espn.com/apis/site/v2/sports/soccer/arg.2/scoreboard,2026-09-24T21:03:12.340329+00:00,schedule,provider-fixture-only; integration-not-run,not-run,not-run,Dated current/relevant-season named-participant schedule sample verified; completeness and live transitions unverified.
espn:soccer:arg.supercopa,Argentine Supercopa,soccer,W2-team-and-soccer,limited,docs/sports-coverage/evidence/soccer--arg.supercopa.json,https://site.api.espn.com/apis/site/v2/sports/soccer/arg.supercopa/scoreboard,2026-09-24T21:03:12.407735+00:00,schedule,provider-fixture-only; integration-not-run,not-run,not-run,Dated current/relevant-season named-participant schedule sample verified; completeness and live transitions unverified.
espn:soccer:arg.supercopa.internacional,Argentine Supercopa Internacional,soccer,W2-team-and-soccer,limited,docs/sports-coverage/evidence/soccer--arg.supercopa.internacional.json,https://site.api.espn.com/apis/site/v2/sports/soccer/arg.supercopa.internacional/scoreboard,2026-09-24T21:03:12.581111+00:00,schedule,provider-fixture-only; integration-not-run,not-run,not-run,Dated current/relevant-season named-participant schedule sample verified; completeness and live transitions unverified.
espn:soccer:arg.3,Argentine Primera B,soccer,W2-team-and-soccer,limited,docs/sports-coverage/evidence/soccer--arg.3.json,https://site.api.espn.com/apis/site/v2/sports/soccer/arg.3/scoreboard,2026-09-24T21:03:13.019210+00:00,schedule,provider-fixture-only; integration-not-run,not-run,not-run,Dated current/relevant-season named-participant schedule sample verified; completeness and live transitions unverified.
espn:soccer:bra.supercopa_do_brazil,Brazilian Supercopa Rei,soccer,W2-team-and-soccer,limited,docs/sports-coverage/evidence/soccer--bra.supercopa_do_brazil.json,https://site.api.espn.com/apis/site/v2/sports/soccer/bra.supercopa_do_brazil/scoreboard,2026-09-24T21:03:13.209523+00:00,schedule;final-result,provider-fixture-only; integration-not-run,not-run,not-run,Dated current/relevant-season named-participant schedule sample verified; completeness and live transitions unverified.
espn:soccer:bra.1,Brazilian Serie A,soccer,W2-team-and-soccer,limited,docs/sports-coverage/evidence/soccer--bra.1.json,https://site.api.espn.com/apis/site/v2/sports/soccer/bra.1/scoreboard,2026-09-24T21:03:13.266537+00:00,schedule;final-result,provider-fixture-only; integration-not-run,not-run,not-run,Dated current/relevant-season named-participant schedule sample verified; completeness and live transitions unverified.
espn:soccer:bra.2,Brazilian Serie B,soccer,W2-team-and-soccer,limited,docs/sports-coverage/evidence/soccer--bra.2.json,https://site.api.espn.com/apis/site/v2/sports/soccer/bra.2/scoreboard,2026-09-24T21:03:13.559771+00:00,schedule,provider-fixture-only; integration-not-run,not-run,not-run,Dated current/relevant-season named-participant schedule sample verified; completeness and live transitions unverified.
espn:soccer:bra.copa_do_brazil,Copa do Brasil,soccer,W2-team-and-soccer,limited,docs/sports-coverage/evidence/soccer--bra.copa_do_brazil.json,https://site.api.espn.com/apis/site/v2/sports/soccer/bra.copa_do_brazil/scoreboard,2026-09-24T21:03:13.962696+00:00,schedule;final-result,provider-fixture-only; integration-not-run,not-run,not-run,Dated current/relevant-season named-participant schedule sample verified; completeness and live transitions unverified.
espn:soccer:bra.camp.carioca,Brazilian Campeonato Carioca,soccer,W2-team-and-soccer,limited,docs/sports-coverage/evidence/soccer--bra.camp.carioca.json,https://site.api.espn.com/apis/site/v2/sports/soccer/bra.camp.carioca/scoreboard,2026-09-24T21:03:14.176830+00:00,schedule;final-result,provider-fixture-only; integration-not-run,not-run,not-run,Dated current/relevant-season named-participant schedule sample verified; completeness and live transitions unverified.
espn:soccer:bra.camp.paulista,Brazilian Campeonato Paulista,soccer,W2-team-and-soccer,limited,docs/sports-coverage/evidence/soccer--bra.camp.paulista.json,https://site.api.espn.com/apis/site/v2/sports/soccer/bra.camp.paulista/scoreboard,2026-09-24T21:03:14.221667+00:00,schedule;final-result,provider-fixture-only; integration-not-run,not-run,not-run,Dated current/relevant-season named-participant schedule sample verified; completeness and live transitions unverified.
espn:soccer:bra.camp.gaucho,Brazilian Campeonato Gaucho,soccer,W2-team-and-soccer,limited,docs/sports-coverage/evidence/soccer--bra.camp.gaucho.json,https://site.api.espn.com/apis/site/v2/sports/soccer/bra.camp.gaucho/scoreboard,2026-09-24T21:03:14.472033+00:00,schedule;final-result,provider-fixture-only; integration-not-run,not-run,not-run,Dated current/relevant-season named-participant schedule sample verified; completeness and live transitions unverified.
espn:soccer:bra.camp.mineiro,Brazilian Campeonato Mineiro,soccer,W2-team-and-soccer,limited,docs/sports-coverage/evidence/soccer--bra.camp.mineiro.json,https://site.api.espn.com/apis/site/v2/sports/soccer/bra.camp.mineiro/scoreboard,2026-09-24T21:03:14.909325+00:00,schedule;final-result,provider-fixture-only; integration-not-run,not-run,not-run,Dated current/relevant-season named-participant schedule sample verified; completeness and live transitions unverified.
espn:soccer:chi.super_cup,Chilean Supercopa,soccer,W2-team-and-soccer,limited,docs/sports-coverage/evidence/soccer--chi.super_cup.json,https://site.api.espn.com/apis/site/v2/sports/soccer/chi.super_cup/scoreboard,2026-09-24T21:03:15.152040+00:00,schedule;final-result,provider-fixture-only; integration-not-run,not-run,not-run,Dated current/relevant-season named-participant schedule sample verified; completeness and live transitions unverified.
espn:soccer:chi.1,Chilean Primera División,soccer,W2-team-and-soccer,limited,docs/sports-coverage/evidence/soccer--chi.1.json,https://site.api.espn.com/apis/site/v2/sports/soccer/chi.1/scoreboard,2026-09-24T21:03:15.168947+00:00,schedule,provider-fixture-only; integration-not-run,not-run,not-run,Dated current/relevant-season named-participant schedule sample verified; completeness and live transitions unverified.
espn:soccer:chi.1.promotion.relegation,Chilean Primera División Promotion/Relegation Playoffs,soccer,W2-team-and-soccer,candidate,docs/sports-coverage/evidence/soccer--chi.1.promotion.relegation.json,https://site.api.espn.com/apis/site/v2/sports/soccer/chi.1.promotion.relegation/scoreboard,2026-09-24T21:03:15.431091+00:00,,provider-fixture-only; integration-not-run,not-run,not-run,"Default sample is dated 2022-01-26T22:00Z; tested2026 query yields 0 events and 0 named participant records, without a usable2026 sample. Competition retirement or alias identity is not established. Resolve current official competition calendar and an authorized source; if cyclical, corroborate edition before archival/history classification. Do not poll this candidate as current."
espn:soccer:chi.copa_chi,Copa Chile,soccer,W2-team-and-soccer,limited,docs/sports-coverage/evidence/soccer--chi.copa_chi.json,https://site.api.espn.com/apis/site/v2/sports/soccer/chi.copa_chi/scoreboard,2026-09-24T21:03:15.892309+00:00,schedule,provider-fixture-only; integration-not-run,not-run,not-run,Dated current/relevant-season named-participant schedule sample verified; completeness and live transitions unverified.
espn:soccer:uru.1,Liga AUF Uruguaya,soccer,W2-team-and-soccer,limited,docs/sports-coverage/evidence/soccer--uru.1.json,https://site.api.espn.com/apis/site/v2/sports/soccer/uru.1/scoreboard,2026-09-24T21:03:16.099926+00:00,schedule,provider-fixture-only; integration-not-run,not-run,not-run,Dated current/relevant-season named-participant schedule sample verified; completeness and live transitions unverified.
espn:soccer:uru.2,Segunda División de Uruguay,soccer,W2-team-and-soccer,candidate,docs/sports-coverage/evidence/soccer--uru.2.json,https://site.api.espn.com/apis/site/v2/sports/soccer/uru.2/scoreboard,2026-09-24T21:03:16.167710+00:00,,provider-fixture-only; integration-not-run,not-run,not-run,"Default sample is dated 2010-12-18T19:10Z; tested2026 query yields 0 events and 0 named participant records, without a usable2026 sample. Competition retirement or alias identity is not established. Resolve current official competition calendar and an authorized source; if cyclical, corroborate edition before archival/history classification. Do not poll this candidate as current."
espn:soccer:col.superliga,Colombian Superliga,soccer,W2-team-and-soccer,limited,docs/sports-coverage/evidence/soccer--col.superliga.json,https://site.api.espn.com/apis/site/v2/sports/soccer/col.superliga/scoreboard,2026-09-24T21:03:16.454374+00:00,schedule;final-result,provider-fixture-only; integration-not-run,not-run,not-run,Dated current/relevant-season named-participant sample verified; live transitions and season completeness unverified.
espn:soccer:col.1,Colombian Primera A,soccer,W2-team-and-soccer,limited,docs/sports-coverage/evidence/soccer--col.1.json,https://site.api.espn.com/apis/site/v2/sports/soccer/col.1/scoreboard,2026-09-24T21:03:16.756610+00:00,schedule,provider-fixture-only; integration-not-run,not-run,not-run,Dated current/relevant-season named-participant sample verified; live transitions and season completeness unverified.
espn:soccer:col.copa,Copa Colombia,soccer,W2-team-and-soccer,limited,docs/sports-coverage/evidence/soccer--col.copa.json,https://site.api.espn.com/apis/site/v2/sports/soccer/col.copa/scoreboard,2026-09-24T21:03:17.003302+00:00,schedule,provider-fixture-only; integration-not-run,not-run,not-run,Dated current/relevant-season named-participant schedule sample verified; completeness and live transitions unverified.
espn:soccer:per.1,Peruvian Liga 1,soccer,W2-team-and-soccer,limited,docs/sports-coverage/evidence/soccer--per.1.json,https://site.api.espn.com/apis/site/v2/sports/soccer/per.1/scoreboard,2026-09-24T21:03:17.104977+00:00,schedule;final-result,provider-fixture-only; integration-not-run,not-run,not-run,Dated current/relevant-season named-participant schedule sample verified; completeness and live transitions unverified.
espn:soccer:par.1,Paraguayan Primera División,soccer,W2-team-and-soccer,limited,docs/sports-coverage/evidence/soccer--par.1.json,https://site.api.espn.com/apis/site/v2/sports/soccer/par.1/scoreboard,2026-09-24T21:03:17.426003+00:00,schedule,provider-fixture-only; integration-not-run,not-run,not-run,Dated current/relevant-season named-participant schedule sample verified; completeness and live transitions unverified.
espn:soccer:par.1.supercopa,Paraguayan Supercopa,soccer,W2-team-and-soccer,candidate,docs/sports-coverage/evidence/soccer--par.1.supercopa.json,https://site.api.espn.com/apis/site/v2/sports/soccer/par.1.supercopa/scoreboard,2026-09-24T21:03:17.666887+00:00,,provider-fixture-only; integration-not-run,not-run,not-run,"Default sample is dated 2025-12-06T21:00Z; tested2026 query yields 0 events and 0 named participant records, without a usable2026 sample. Competition retirement or alias identity is not established. Resolve current official competition calendar and an authorized source; if cyclical, corroborate edition before archival/history classification. Do not poll this candidate as current."
espn:soccer:ecu.1,LigaPro Ecuador,soccer,W2-team-and-soccer,limited,docs/sports-coverage/evidence/soccer--ecu.1.json,https://site.api.espn.com/apis/site/v2/sports/soccer/ecu.1/scoreboard,2026-09-24T21:03:17.932721+00:00,schedule;final-result,provider-fixture-only; integration-not-run,not-run,not-run,Dated current/relevant-season named-participant schedule sample verified; completeness and live transitions unverified.
espn:soccer:ven.1,Venezuelan Primera División,soccer,W2-team-and-soccer,limited,docs/sports-coverage/evidence/soccer--ven.1.json,https://site.api.espn.com/apis/site/v2/sports/soccer/ven.1/scoreboard,2026-09-24T21:03:18.004271+00:00,schedule;final-result,provider-fixture-only; integration-not-run,not-run,not-run,Dated current/relevant-season named-participant schedule sample verified; completeness and live transitions unverified.
espn:soccer:bol.ply.rel,Bolivian Liga Profesional Promotion/Relegation Playoffs,soccer,W2-team-and-soccer,candidate,docs/sports-coverage/evidence/soccer--bol.ply.rel.json,https://site.api.espn.com/apis/site/v2/sports/soccer/bol.ply.rel/scoreboard,2026-09-24T21:03:18.282034+00:00,,provider-fixture-only; integration-not-run,not-run,not-run,"Default sample is dated 2025-12-23T19:00Z; tested2026 query yields 0 events and 0 named participant records, without a usable2026 sample. Competition retirement or alias identity is not established. Resolve current official competition calendar and an authorized source; if cyclical, corroborate edition before archival/history classification. Do not poll this candidate as current."
espn:soccer:bol.copa,Copa Bolivia,soccer,W2-team-and-soccer,limited,docs/sports-coverage/evidence/soccer--bol.copa.json,https://site.api.espn.com/apis/site/v2/sports/soccer/bol.copa/scoreboard,2026-09-24T21:03:18.582977+00:00,schedule,provider-fixture-only; integration-not-run,not-run,not-run,Dated current/relevant-season named-participant schedule sample verified; completeness and live transitions unverified.
espn:soccer:bol.1,Bolivian Liga Profesional,soccer,W2-team-and-soccer,limited,docs/sports-coverage/evidence/soccer--bol.1.json,https://site.api.espn.com/apis/site/v2/sports/soccer/bol.1/scoreboard,2026-09-24T21:03:18.851924+00:00,schedule;final-result,provider-fixture-only; integration-not-run,not-run,not-run,Dated current/relevant-season named-participant schedule sample verified; completeness and live transitions unverified.
espn:soccer:jpn.1,Japanese J.League,soccer,W2-team-and-soccer,limited,docs/sports-coverage/evidence/soccer--jpn.1.json,https://site.api.espn.com/apis/site/v2/sports/soccer/jpn.1/scoreboard,2026-09-24T21:03:18.986439+00:00,schedule;final-result,provider-fixture-only; integration-not-run,not-run,not-run,Dated current/relevant-season named-participant schedule sample verified; completeness and live transitions unverified.
espn:soccer:mex.campeon,Mexican Campeon de Campeones,soccer,W2-team-and-soccer,limited,docs/sports-coverage/evidence/soccer--mex.campeon.json,https://site.api.espn.com/apis/site/v2/sports/soccer/mex.campeon/scoreboard,2026-09-24T21:03:19.176921+00:00,schedule;final-result,provider-fixture-only; integration-not-run,not-run,not-run,Dated current/relevant-season named-participant sample verified; live transitions and season completeness unverified.
espn:soccer:concacaf.central.american.cup,Concacaf Central American Cup,soccer,W2-team-and-soccer,limited,docs/sports-coverage/evidence/soccer--concacaf.central.american.cup.json,https://site.api.espn.com/apis/site/v2/sports/soccer/concacaf.central.american.cup/scoreboard,2026-09-24T21:03:19.463386+00:00,schedule;final-result,provider-fixture-only; integration-not-run,not-run,not-run,Dated current/relevant-season named-participant sample verified; live transitions and season completeness unverified.
espn:soccer:concacaf.champions_cup,CONCACAF Champions Cup,soccer,W2-team-and-soccer,candidate,docs/sports-coverage/evidence/soccer--concacaf.champions_cup.json,https://site.api.espn.com/apis/site/v2/sports/soccer/concacaf.champions_cup/scoreboard,2026-09-24T21:03:19.750444+00:00,,provider-fixture-only; integration-not-run,not-run,not-run,"Default sample is dated 2008-05-01T01:30Z; tested2026 query yields 0 events and 0 named participant records, without a usable2026 sample. Competition retirement or alias identity is not established. Resolve current official competition calendar and an authorized source; if cyclical, corroborate edition before archival/history classification. Do not poll this candidate as current."
espn:soccer:concacaf.u23,CONCACAF U23 Tournament,soccer,W2-team-and-soccer,candidate,docs/sports-coverage/evidence/soccer--concacaf.u23.json,https://site.api.espn.com/apis/site/v2/sports/soccer/concacaf.u23/scoreboard,2026-09-24T21:03:19.915649+00:00,,provider-fixture-only; integration-not-run,not-run,not-run,"Default sample is dated 2012-04-03T00:00Z; tested2026 query yields 0 events and 0 named participant records, without a usable2026 sample. Competition retirement or alias identity is not established. Resolve current official competition calendar and an authorized source; if cyclical, corroborate edition before archival/history classification. Do not poll this candidate as current."
espn:soccer:hon.1,Honduran Liga Nacional,soccer,W2-team-and-soccer,limited,docs/sports-coverage/evidence/soccer--hon.1.json,https://site.api.espn.com/apis/site/v2/sports/soccer/hon.1/scoreboard,2026-09-24T21:03:20.082693+00:00,schedule;final-result,provider-fixture-only; integration-not-run,not-run,not-run,Dated current/relevant-season named-participant schedule sample verified; completeness and live transitions unverified.
espn:soccer:crc.1,Costa Rican Primera Division,soccer,W2-team-and-soccer,limited,docs/sports-coverage/evidence/soccer--crc.1.json,https://site.api.espn.com/apis/site/v2/sports/soccer/crc.1/scoreboard,2026-09-24T21:03:20.484738+00:00,schedule;final-result,provider-fixture-only; integration-not-run,not-run,not-run,Dated current/relevant-season named-participant schedule sample verified; completeness and live transitions unverified.
espn:soccer:gua.1,Guatemalan Liga Nacional,soccer,W2-team-and-soccer,limited,docs/sports-coverage/evidence/soccer--gua.1.json,https://site.api.espn.com/apis/site/v2/sports/soccer/gua.1/scoreboard,2026-09-24T21:03:20.664227+00:00,schedule,provider-fixture-only; integration-not-run,not-run,not-run,Dated current/relevant-season named-participant sample verified; live transitions and season completeness unverified.
espn:soccer:slv.1,Salvadoran Primera Division,soccer,W2-team-and-soccer,limited,docs/sports-coverage/evidence/soccer--slv.1.json,https://site.api.espn.com/apis/site/v2/sports/soccer/slv.1/scoreboard,2026-09-24T21:03:20.855629+00:00,schedule,provider-fixture-only; integration-not-run,not-run,not-run,Dated current/relevant-season named-participant sample verified; live transitions and season completeness unverified.
espn:soccer:fifa.intercontinental.cup,Intercontinental Cup (India),soccer,W2-team-and-soccer,candidate,docs/sports-coverage/evidence/soccer--fifa.intercontinental.cup.json,https://site.api.espn.com/apis/site/v2/sports/soccer/fifa.intercontinental.cup/scoreboard,2026-09-24T21:03:21.055438+00:00,,provider-fixture-only; integration-not-run,not-run,not-run,"Default sample is dated 2024-09-09T14:00Z; tested2026 query yields 0 events and 0 named participant records, without a usable2026 sample. Competition retirement or alias identity is not established. Resolve current official competition calendar and an authorized source; if cyclical, corroborate edition before archival/history classification. Do not poll this candidate as current."
espn:soccer:afc.saff.championship,SAFF Championship,soccer,W2-team-and-soccer,candidate,docs/sports-coverage/evidence/soccer--afc.saff.championship.json,https://site.api.espn.com/apis/site/v2/sports/soccer/afc.saff.championship/scoreboard,2026-09-24T21:03:21.416865+00:00,,provider-fixture-only; integration-not-run,not-run,not-run,"Default sample is dated 2023-07-04T14:00Z; tested2026 query yields 0 events and 0 named participant records, without a usable2026 sample. Competition retirement or alias identity is not established. Resolve current official competition calendar and an authorized source; if cyclical, corroborate edition before archival/history classification. Do not poll this candidate as current."
espn:soccer:chn.1.promotion.relegation,Chinese Super League Promotion/Relegation Playoffs,soccer,W2-team-and-soccer,candidate,docs/sports-coverage/evidence/soccer--chn.1.promotion.relegation.json,https://site.api.espn.com/apis/site/v2/sports/soccer/chn.1.promotion.relegation/scoreboard,2026-09-24T21:03:21.569553+00:00,,provider-fixture-only; integration-not-run,not-run,not-run,"Default sample is dated 2022-01-12T07:30Z; tested2026 query yields 0 events and 0 named participant records, without a usable2026 sample. Competition retirement or alias identity is not established. Resolve current official competition calendar and an authorized source; if cyclical, corroborate edition before archival/history classification. Do not poll this candidate as current."
espn:soccer:ind.1,Indian Super League,soccer,W2-team-and-soccer,limited,docs/sports-coverage/evidence/soccer--ind.1.json,https://site.api.espn.com/apis/site/v2/sports/soccer/ind.1/scoreboard,2026-09-24T21:03:21.817352+00:00,schedule;final-result,provider-fixture-only; integration-not-run,not-run,not-run,Dated current/relevant-season named-participant schedule sample verified; completeness and live transitions unverified.
espn:soccer:global.gulf_cup,Arabian Gulf Cup,soccer,W2-team-and-soccer,limited,docs/sports-coverage/evidence/soccer--global.gulf_cup.json,https://site.api.espn.com/apis/site/v2/sports/soccer/global.gulf_cup/scoreboard,2026-09-24T21:03:21.961626+00:00,schedule;final-result,provider-fixture-only; integration-not-run,not-run,not-run,Dated current/relevant-season named-participant schedule sample verified; completeness and live transitions unverified.
espn:soccer:caf.cosafa,COSAFA Cup,soccer,W2-team-and-soccer,candidate,docs/sports-coverage/evidence/soccer--caf.cosafa.json,https://site.api.espn.com/apis/site/v2/sports/soccer/caf.cosafa/scoreboard,2026-09-24T21:03:22.377979+00:00,,provider-fixture-only; integration-not-run,not-run,not-run,"Default sample is dated 2025-06-15T10:00Z; tested2026 query yields 0 events and 0 named participant records, without a usable2026 sample. Competition retirement or alias identity is not established. Resolve current official competition calendar and an authorized source; if cyclical, corroborate edition before archival/history classification. Do not poll this candidate as current."
espn:soccer:caf.champions,CAF Champions League,soccer,W2-team-and-soccer,limited,docs/sports-coverage/evidence/soccer--caf.champions.json,https://site.api.espn.com/apis/site/v2/sports/soccer/caf.champions/scoreboard,2026-09-24T21:03:22.532756+00:00,schedule,provider-fixture-only; integration-not-run,not-run,not-run,Dated current/relevant-season named-participant schedule sample verified; completeness and live transitions unverified.
espn:soccer:caf.confed,CAF Confederation Cup,soccer,W2-team-and-soccer,limited,docs/sports-coverage/evidence/soccer--caf.confed.json,https://site.api.espn.com/apis/site/v2/sports/soccer/caf.confed/scoreboard,2026-09-24T21:03:22.704267+00:00,schedule;final-result,provider-fixture-only; integration-not-run,not-run,not-run,Dated current/relevant-season named-participant schedule sample verified; completeness and live transitions unverified.
espn:soccer:rsa.1,South African Premiership,soccer,W2-team-and-soccer,limited,docs/sports-coverage/evidence/soccer--rsa.1.json,https://site.api.espn.com/apis/site/v2/sports/soccer/rsa.1/scoreboard,2026-09-24T21:03:22.866468+00:00,schedule;final-result,provider-fixture-only; integration-not-run,not-run,not-run,Dated current/relevant-season named-participant schedule sample verified; completeness and live transitions unverified.
espn:soccer:usa.ncaa.m.1,NCAA Men's Soccer,soccer,W2-team-and-soccer,limited,docs/sports-coverage/evidence/soccer--usa.ncaa.m.1.json,https://site.api.espn.com/apis/site/v2/sports/soccer/usa.ncaa.m.1/scoreboard,2026-09-24T21:03:23.346594+00:00,schedule,provider-fixture-only; integration-not-run,not-run,not-run,Dated current/relevant-season named-participant sample verified; live transitions and season completeness unverified.
espn:soccer:usa.ncaa.w.1,NCAA Women's Soccer,soccer,W2-team-and-soccer,limited,docs/sports-coverage/evidence/soccer--usa.ncaa.w.1.json,https://site.api.espn.com/apis/site/v2/sports/soccer/usa.ncaa.w.1/scoreboard,2026-09-24T21:03:23.433247+00:00,schedule;final-result,provider-fixture-only; integration-not-run,not-run,not-run,Dated current/relevant-season named-participant schedule sample verified; completeness and live transitions unverified.
espn:soccer:mex.w.1,Mexican Liga BBVA MX Femenil,soccer,W2-team-and-soccer,candidate,docs/sports-coverage/evidence/soccer--mex.w.1.json,https://site.api.espn.com/apis/site/v2/sports/soccer/mex.w.1/scoreboard,2026-09-24T21:03:23.552553+00:00,,provider-fixture-only; integration-not-run,not-run,not-run,"Default scoreboard contains no events; current-year query supplies no usable dated named-participant sample. Resolve current official competition calendar and an authorized source; if cyclical, corroborate edition before archival/history classification. Do not poll this candidate as current."
espn:volleyball:mens-college-volleyball,NCAA Men's Volleyball,volleyball,W3-new-sports,limited,docs/sports-coverage/evidence/volleyball--mens-college-volleyball.json,https://site.api.espn.com/apis/site/v2/sports/volleyball/mens-college-volleyball/scoreboard,2026-09-24T21:03:23.774568+00:00,schedule;final-result;period-detail,provider-fixture-only; integration-not-run,not-run,not-run,Dated current/relevant-season named-participant schedule sample verified; completeness and live transitions unverified.
espn:volleyball:womens-college-volleyball,NCAA Women's Volleyball,volleyball,W3-new-sports,limited,docs/sports-coverage/evidence/volleyball--womens-college-volleyball.json,https://site.api.espn.com/apis/site/v2/sports/volleyball/womens-college-volleyball/scoreboard,2026-09-24T21:03:24.251788+00:00,schedule,provider-fixture-only; integration-not-run,not-run,not-run,Dated current/relevant-season named-participant schedule sample verified; completeness and live transitions unverified.
espn:water-polo:mens-college-water-polo,NCAA Men's Water Polo,water-polo,W3-new-sports,candidate,docs/sports-coverage/evidence/water-polo--mens-college-water-polo.json,https://site.api.espn.com/apis/site/v2/sports/water-polo/mens-college-water-polo/scoreboard,2026-09-24T21:03:24.511721+00:00,,provider-fixture-only; integration-not-run,not-run,not-run,"Default sample is dated 2025-12-07T23:00Z; tested2026 query yields 0 events and 0 named participant records, without a usable2026 sample. Competition retirement or alias identity is not established. Resolve current official competition calendar and an authorized source; if cyclical, corroborate edition before archival/history classification. Do not poll this candidate as current."
espn:water-polo:womens-college-water-polo,NCAA Women's Water Polo,water-polo,W3-new-sports,limited,docs/sports-coverage/evidence/water-polo--womens-college-water-polo.json,https://site.api.espn.com/apis/site/v2/sports/water-polo/womens-college-water-polo/scoreboard,2026-09-24T21:03:24.538738+00:00,schedule;final-result,provider-fixture-only; integration-not-run,not-run,not-run,Dated current/relevant-season named-participant sample verified; live transitions and season completeness unverified.
cricket-discovery-01,Men ICC ODI World Cup,cricket,W4-cricket,blocked,"Fresh dropdown HTTP200,500 rows; page=2 and year=2026 returned same first/last entries. No main competition slug found; qualifiers/warmups are distinct competitions.",https://site.api.espn.com/apis/site/v2/leagues/dropdown?region=us&lang=en&sport=cricket,2026-09-24,,TestCricketDropdownSeparatesSeriesAndPreservesIPL; TestCricketDiscoveryPersistsAndKeepsLastGood,not-run,not-run,Public ESPNcricinfo selector returned403; no bypass. Need validated public recurring competition mapping or authorized alternative. Do not use trophy IDs as scoreboard IDs.
cricket-discovery-02,Women ICC ODI World Cup,cricket,W4-cricket,blocked,"Fresh dropdown HTTP200,500 rows; page=2 and year=2026 returned same first/last entries. No main competition slug found; qualifiers/warmups are distinct competitions.",https://site.api.espn.com/apis/site/v2/leagues/dropdown?region=us&lang=en&sport=cricket,2026-09-24,,TestCricketDropdownSeparatesSeriesAndPreservesIPL; TestCricketDiscoveryPersistsAndKeepsLastGood,not-run,not-run,Public ESPNcricinfo selector returned403; no bypass. Need validated public recurring competition mapping or authorized alternative. Do not use trophy IDs as scoreboard IDs.
cricket-discovery-03,Men ICC T20 World Cup,cricket,W4-cricket,blocked,"Fresh dropdown HTTP200,500 rows; page=2 and year=2026 returned same first/last entries. No main competition slug found; qualifiers/warmups are distinct competitions.",https://site.api.espn.com/apis/site/v2/leagues/dropdown?region=us&lang=en&sport=cricket,2026-09-24,,TestCricketDropdownSeparatesSeriesAndPreservesIPL; TestCricketDiscoveryPersistsAndKeepsLastGood,not-run,not-run,Public ESPNcricinfo selector returned403; no bypass. Need validated public recurring competition mapping or authorized alternative. Do not use trophy IDs as scoreboard IDs.
cricket-discovery-04,Women ICC T20 World Cup,cricket,W4-cricket,blocked,"Fresh dropdown HTTP200,500 rows; page=2 and year=2026 returned same first/last entries. No main competition slug found; qualifiers/warmups are distinct competitions.",https://site.api.espn.com/apis/site/v2/leagues/dropdown?region=us&lang=en&sport=cricket,2026-09-24,,TestCricketDropdownSeparatesSeriesAndPreservesIPL; TestCricketDiscoveryPersistsAndKeepsLastGood,not-run,not-run,Public ESPNcricinfo selector returned403; no bypass. Need validated public recurring competition mapping or authorized alternative. Do not use trophy IDs as scoreboard IDs.
cricket-discovery-05,ICC Champions Trophy,cricket,W4-cricket,blocked,"Fresh dropdown HTTP200,500 rows; page=2 and year=2026 returned same first/last entries. No main competition slug found; qualifiers/warmups are distinct competitions.",https://site.api.espn.com/apis/site/v2/leagues/dropdown?region=us&lang=en&sport=cricket,2026-09-24,,TestCricketDropdownSeparatesSeriesAndPreservesIPL; TestCricketDiscoveryPersistsAndKeepsLastGood,not-run,not-run,Public ESPNcricinfo selector returned403; no bypass. Need validated public recurring competition mapping or authorized alternative. Do not use trophy IDs as scoreboard IDs.
cricket-discovery-06,ICC World Test Championship,cricket,W4-cricket,blocked,"Fresh dropdown HTTP200,500 rows; page=2 and year=2026 returned same first/last entries. No main competition slug found; qualifiers/warmups are distinct competitions.",https://site.api.espn.com/apis/site/v2/leagues/dropdown?region=us&lang=en&sport=cricket,2026-09-24,,TestCricketDropdownSeparatesSeriesAndPreservesIPL; TestCricketDiscoveryPersistsAndKeepsLastGood,not-run,not-run,Public ESPNcricinfo selector returned403; no bypass. Need validated public recurring competition mapping or authorized alternative. Do not use trophy IDs as scoreboard IDs.
cricket-discovery-07,International Test series including Ashes,cricket,W4-cricket,limited,"Fresh matching scoreboard identity, named series and dated events in cricket-series-validation.json",https://site.api.espn.com/apis/site/v2/leagues/dropdown?region=us&lang=en&sport=cricket,2026-09-24,schedule;final-result;innings-detail,TestCricketCapturedSeries; TestCricketFourInningsPreserveOwnershipAndOvers,not-run,not-run,Named sampled series only; discovery remains incomplete at500 rows; live updates and all international series not established.
cricket-discovery-08,International ODI series,cricket,W4-cricket,limited,"Fresh matching scoreboard identity, named series and dated events in cricket-series-validation.json",https://site.api.espn.com/apis/site/v2/leagues/dropdown?region=us&lang=en&sport=cricket,2026-09-24,schedule,TestCricketCapturedSeries; TestCricketFourInningsPreserveOwnershipAndOvers,not-run,not-run,Named sampled series only; discovery remains incomplete at500 rows; live updates and all international series not established.
cricket-discovery-09,International T20I series,cricket,W4-cricket,limited,"Fresh matching scoreboard identity, named series and dated events in cricket-series-validation.json",https://site.api.espn.com/apis/site/v2/leagues/dropdown?region=us&lang=en&sport=cricket,2026-09-24,schedule,TestCricketCapturedSeries; TestCricketFourInningsPreserveOwnershipAndOvers,not-run,not-run,Named sampled series only; discovery remains incomplete at500 rows; live updates and all international series not established.
cricket-discovery-10,Big Bash League,cricket,W4-cricket,blocked,"Fresh dropdown HTTP200,500 rows; page=2 and year=2026 returned same first/last entries. No main competition slug found; qualifiers/warmups are distinct competitions.",https://site.api.espn.com/apis/site/v2/leagues/dropdown?region=us&lang=en&sport=cricket,2026-09-24,,TestCricketDropdownSeparatesSeriesAndPreservesIPL; TestCricketDiscoveryPersistsAndKeepsLastGood,not-run,not-run,Public ESPNcricinfo selector returned403; no bypass. Need validated public recurring competition mapping or authorized alternative. Do not use trophy IDs as scoreboard IDs.
cricket-discovery-11,Women Big Bash League,cricket,W4-cricket,blocked,"Fresh dropdown HTTP200,500 rows; page=2 and year=2026 returned same first/last entries. No main competition slug found; qualifiers/warmups are distinct competitions.",https://site.api.espn.com/apis/site/v2/leagues/dropdown?region=us&lang=en&sport=cricket,2026-09-24,,TestCricketDropdownSeparatesSeriesAndPreservesIPL; TestCricketDiscoveryPersistsAndKeepsLastGood,not-run,not-run,Public ESPNcricinfo selector returned403; no bypass. Need validated public recurring competition mapping or authorized alternative. Do not use trophy IDs as scoreboard IDs.
cricket-discovery-12,Pakistan Super League,cricket,W4-cricket,blocked,"Fresh dropdown HTTP200,500 rows; page=2 and year=2026 returned same first/last entries. No main competition slug found; qualifiers/warmups are distinct competitions.",https://site.api.espn.com/apis/site/v2/leagues/dropdown?region=us&lang=en&sport=cricket,2026-09-24,,TestCricketDropdownSeparatesSeriesAndPreservesIPL; TestCricketDiscoveryPersistsAndKeepsLastGood,not-run,not-run,Public ESPNcricinfo selector returned403; no bypass. Need validated public recurring competition mapping or authorized alternative. Do not use trophy IDs as scoreboard IDs.
cricket-discovery-13,SA20,cricket,W4-cricket,blocked,"Fresh dropdown HTTP200,500 rows; page=2 and year=2026 returned same first/last entries. No main competition slug found; qualifiers/warmups are distinct competitions.",https://site.api.espn.com/apis/site/v2/leagues/dropdown?region=us&lang=en&sport=cricket,2026-09-24,,TestCricketDropdownSeparatesSeriesAndPreservesIPL; TestCricketDiscoveryPersistsAndKeepsLastGood,not-run,not-run,Public ESPNcricinfo selector returned403; no bypass. Need validated public recurring competition mapping or authorized alternative. Do not use trophy IDs as scoreboard IDs.
cricket-discovery-14,Caribbean Premier League,cricket,W4-cricket,blocked,"Fresh dropdown HTTP200,500 rows; page=2 and year=2026 returned same first/last entries. No main competition slug found; qualifiers/warmups are distinct competitions.",https://site.api.espn.com/apis/site/v2/leagues/dropdown?region=us&lang=en&sport=cricket,2026-09-24,,TestCricketDropdownSeparatesSeriesAndPreservesIPL; TestCricketDiscoveryPersistsAndKeepsLastGood,not-run,not-run,Public ESPNcricinfo selector returned403; no bypass. Need validated public recurring competition mapping or authorized alternative. Do not use trophy IDs as scoreboard IDs.
cricket-discovery-15,Major League Cricket,cricket,W4-cricket,blocked,"Fresh dropdown HTTP200,500 rows; page=2 and year=2026 returned same first/last entries. No main competition slug found; qualifiers/warmups are distinct competitions.",https://site.api.espn.com/apis/site/v2/leagues/dropdown?region=us&lang=en&sport=cricket,2026-09-24,,TestCricketDropdownSeparatesSeriesAndPreservesIPL; TestCricketDiscoveryPersistsAndKeepsLastGood,not-run,not-run,Public ESPNcricinfo selector returned403; no bypass. Need validated public recurring competition mapping or authorized alternative. Do not use trophy IDs as scoreboard IDs.
cricket-discovery-16,The Hundred men,cricket,W4-cricket,blocked,"Fresh dropdown HTTP200,500 rows; page=2 and year=2026 returned same first/last entries. No main competition slug found; qualifiers/warmups are distinct competitions.",https://site.api.espn.com/apis/site/v2/leagues/dropdown?region=us&lang=en&sport=cricket,2026-09-24,,TestCricketDropdownSeparatesSeriesAndPreservesIPL; TestCricketDiscoveryPersistsAndKeepsLastGood,not-run,not-run,Public ESPNcricinfo selector returned403; no bypass. Need validated public recurring competition mapping or authorized alternative. Do not use trophy IDs as scoreboard IDs.
cricket-discovery-17,The Hundred women,cricket,W4-cricket,blocked,"Fresh dropdown HTTP200,500 rows; page=2 and year=2026 returned same first/last entries. No main competition slug found; qualifiers/warmups are distinct competitions.",https://site.api.espn.com/apis/site/v2/leagues/dropdown?region=us&lang=en&sport=cricket,2026-09-24,,TestCricketDropdownSeparatesSeriesAndPreservesIPL; TestCricketDiscoveryPersistsAndKeepsLastGood,not-run,not-run,Public ESPNcricinfo selector returned403; no bypass. Need validated public recurring competition mapping or authorized alternative. Do not use trophy IDs as scoreboard IDs.
cricket-discovery-18,Women Premier League,cricket,W4-cricket,blocked,"Fresh dropdown HTTP200,500 rows; page=2 and year=2026 returned same first/last entries. No main competition slug found; qualifiers/warmups are distinct competitions.",https://site.api.espn.com/apis/site/v2/leagues/dropdown?region=us&lang=en&sport=cricket,2026-09-24,,TestCricketDropdownSeparatesSeriesAndPreservesIPL; TestCricketDiscoveryPersistsAndKeepsLastGood,not-run,not-run,Public ESPNcricinfo selector returned403; no bypass. Need validated public recurring competition mapping or authorized alternative. Do not use trophy IDs as scoreboard IDs.
cricket-discovery-19,Bangladesh Premier League,cricket,W4-cricket,blocked,"Fresh dropdown HTTP200,500 rows; page=2 and year=2026 returned same first/last entries. No main competition slug found; qualifiers/warmups are distinct competitions.",https://site.api.espn.com/apis/site/v2/leagues/dropdown?region=us&lang=en&sport=cricket,2026-09-24,,TestCricketDropdownSeparatesSeriesAndPreservesIPL; TestCricketDiscoveryPersistsAndKeepsLastGood,not-run,not-run,Public ESPNcricinfo selector returned403; no bypass. Need validated public recurring competition mapping or authorized alternative. Do not use trophy IDs as scoreboard IDs.
cricket-discovery-20,Lanka Premier League,cricket,W4-cricket,blocked,"Fresh dropdown HTTP200,500 rows; page=2 and year=2026 returned same first/last entries. No main competition slug found; qualifiers/warmups are distinct competitions.",https://site.api.espn.com/apis/site/v2/leagues/dropdown?region=us&lang=en&sport=cricket,2026-09-24,,TestCricketDropdownSeparatesSeriesAndPreservesIPL; TestCricketDiscoveryPersistsAndKeepsLastGood,not-run,not-run,Public ESPNcricinfo selector returned403; no bypass. Need validated public recurring competition mapping or authorized alternative. Do not use trophy IDs as scoreboard IDs.
cricket-discovery-21,International League T20,cricket,W4-cricket,blocked,"Fresh dropdown HTTP200,500 rows; page=2 and year=2026 returned same first/last entries. No main competition slug found; qualifiers/warmups are distinct competitions.",https://site.api.espn.com/apis/site/v2/leagues/dropdown?region=us&lang=en&sport=cricket,2026-09-24,,TestCricketDropdownSeparatesSeriesAndPreservesIPL; TestCricketDiscoveryPersistsAndKeepsLastGood,not-run,not-run,Public ESPNcricinfo selector returned403; no bypass. Need validated public recurring competition mapping or authorized alternative. Do not use trophy IDs as scoreboard IDs.
additional:wrestling,Wrestling: college men and women,wrestling,W6-source-resolution,blocked,w6-findings.json,https://www.ncaa.com/sports/wrestling-men,,,not-run,not-run,not-run,"Obtain authorized results interface with men's/women's, weight class, bout and team identities."
additional:gymnastics,Gymnastics: college men and women,gymnastics,W6-source-resolution,blocked,w6-findings.json,https://www.ncaa.com/sports/gymnastics-women,,,not-run,not-run,not-run,Resolve authorized meet/apparatus/team/athlete result source and decimal precision before adapter.
additional:swimming-diving,Swimming/diving: college men and women,swimming-diving,W6-source-resolution,blocked,w6-findings.json,https://www.ncaa.com/sports/swimming-men,,,not-run,not-run,not-run,"Resolve authorized swim/dive results, units, lanes/heats and gender/division mappings."
additional:track-field,"Track/field: indoor and outdoor, college men and women",track-field,W6-source-resolution,blocked,w6-findings.json,https://www.ncaa.com/sports/trackfield-outdoor-men,,,not-run,not-run,not-run,"Obtain partner-supported meet discovery/results access or scope an HTML adapter separately; present evidence covers one indoor championship, not outdoor/full college schedules."
additional:volleyball,Professional volleyball outside NCAA,volleyball,W6-source-resolution,blocked,w6-findings.json,https://api-sports.io/documentation/volleyball/v1,,,not-run,not-run,not-run,Choose exact professional leagues and obtain authorized data; generic volleyball endpoint is insufficient evidence.
additional:boxing,Improve existing limited boxing coverage,boxing,W5-combat,blocked,w6-findings.json,https://www.thesportsdb.com/documentation,,,not-run,not-run,not-run,Validate complete dated boxing schedules and results with authorized source before widening existing limited capability.
