sport,league_name,espn_slug,proposed_new_id,work_package,adapter_family,is_college,discovery_url,scoreboard_url,sample_event_id,sample_event_date,sample_file,evidence_level,activation_status,summary_url,summary_probe_http,teams_url,teams_probe_count,standings_url,standings_probe_nonempty,notes
australian-football,AFL,afl,espn:australian-football:afl,W3-new-sports,team-match,false,https://site.api.espn.com/apis/site/v2/leagues/dropdown?region=us&lang=en&sport=australian-football,https://site.api.espn.com/apis/site/v2/sports/australian-football/afl/scoreboard,1133711,2026-09-26T04:30Z,provider-samples/australian-football--afl.json,sample-returned,requires-validation,https://site.api.espn.com/apis/site/v2/sports/australian-football/afl/summary?event=1133711,200,https://site.api.espn.com/apis/site/v2/sports/australian-football/afl/teams,19,https://site.api.espn.com/apis/v2/sports/australian-football/afl/standings,True,
baseball,Caribbean Series,caribbean-series,espn:baseball:caribbean-series,W2-team-and-soccer,team-match,false,https://site.api.espn.com/apis/site/v2/leagues/dropdown?region=us&lang=en&sport=baseball,https://site.api.espn.com/apis/site/v2/sports/baseball/caribbean-series/scoreboard,401850934,2026-02-08T01:00Z,provider-samples/baseball--caribbean-series.json,sample-returned,requires-validation,https://site.api.espn.com/apis/site/v2/sports/baseball/caribbean-series/summary?event=401850934,not-tested,https://site.api.espn.com/apis/site/v2/sports/baseball/caribbean-series/teams,not-established,https://site.api.espn.com/apis/v2/sports/baseball/caribbean-series/standings,not-established,
baseball,NCAA Baseball,college-baseball,espn:baseball:college-baseball,W2-team-and-soccer,team-match,true,https://site.api.espn.com/apis/site/v2/leagues/dropdown?region=us&lang=en&sport=baseball,https://site.api.espn.com/apis/site/v2/sports/baseball/college-baseball/scoreboard,401874453,2026-06-22T23:00Z,provider-samples/baseball--college-baseball.json,sample-returned,requires-validation,https://site.api.espn.com/apis/site/v2/sports/baseball/college-baseball/summary?event=401874453,200,https://site.api.espn.com/apis/site/v2/sports/baseball/college-baseball/teams,50,https://site.api.espn.com/apis/v2/sports/baseball/college-baseball/standings,True,
baseball,NCAA Softball,college-softball,espn:baseball:college-softball,W2-team-and-soccer,team-match,true,https://site.api.espn.com/apis/site/v2/leagues/dropdown?region=us&lang=en&sport=baseball,https://site.api.espn.com/apis/site/v2/sports/baseball/college-softball/scoreboard,401873593,2026-06-05T00:00Z,provider-samples/baseball--college-softball.json,sample-returned,requires-validation,https://site.api.espn.com/apis/site/v2/sports/baseball/college-softball/summary?event=401873593,200,https://site.api.espn.com/apis/site/v2/sports/baseball/college-softball/teams,50,https://site.api.espn.com/apis/v2/sports/baseball/college-softball/standings,True,
baseball,Dominican Winter League,dominican-winter-league,espn:baseball:dominican-winter-league,W2-team-and-soccer,team-match,false,https://site.api.espn.com/apis/site/v2/leagues/dropdown?region=us&lang=en&sport=baseball,https://site.api.espn.com/apis/site/v2/sports/baseball/dominican-winter-league/scoreboard,,,,directory-only,requires-validation,https://site.api.espn.com/apis/site/v2/sports/baseball/dominican-winter-league/summary?event={providerEventId},not-tested,https://site.api.espn.com/apis/site/v2/sports/baseball/dominican-winter-league/teams,not-established,https://site.api.espn.com/apis/v2/sports/baseball/dominican-winter-league/standings,not-established,
baseball,Little League Baseball,llb,espn:baseball:llb,W2-team-and-soccer,team-match,false,https://site.api.espn.com/apis/site/v2/leagues/dropdown?region=us&lang=en&sport=baseball,https://site.api.espn.com/apis/site/v2/sports/baseball/llb/scoreboard,401896846,2026-08-30T14:00Z,provider-samples/baseball--llb.json,sample-returned,requires-validation,https://site.api.espn.com/apis/site/v2/sports/baseball/llb/summary?event=401896846,not-tested,https://site.api.espn.com/apis/site/v2/sports/baseball/llb/teams,not-established,https://site.api.espn.com/apis/v2/sports/baseball/llb/standings,not-established,
baseball,Little League Softball,lls,espn:baseball:lls,W2-team-and-soccer,team-match,false,https://site.api.espn.com/apis/site/v2/leagues/dropdown?region=us&lang=en&sport=baseball,https://site.api.espn.com/apis/site/v2/sports/baseball/lls/scoreboard,401896649,2026-08-09T14:00Z,provider-samples/baseball--lls.json,sample-returned,requires-validation,https://site.api.espn.com/apis/site/v2/sports/baseball/lls/summary?event=401896649,not-tested,https://site.api.espn.com/apis/site/v2/sports/baseball/lls/teams,not-established,https://site.api.espn.com/apis/v2/sports/baseball/lls/standings,not-established,
baseball,Mexican League,mexican-winter-league,espn:baseball:mexican-winter-league,W2-team-and-soccer,team-match,false,https://site.api.espn.com/apis/site/v2/leagues/dropdown?region=us&lang=en&sport=baseball,https://site.api.espn.com/apis/site/v2/sports/baseball/mexican-winter-league/scoreboard,,,,directory-only,requires-validation,https://site.api.espn.com/apis/site/v2/sports/baseball/mexican-winter-league/summary?event={providerEventId},not-tested,https://site.api.espn.com/apis/site/v2/sports/baseball/mexican-winter-league/teams,not-established,https://site.api.espn.com/apis/v2/sports/baseball/mexican-winter-league/standings,not-established,
baseball,Olympics Men's Baseball,olympics-baseball,espn:baseball:olympics-baseball,W2-team-and-soccer,team-match,false,https://site.api.espn.com/apis/site/v2/leagues/dropdown?region=us&lang=en&sport=baseball,https://site.api.espn.com/apis/site/v2/sports/baseball/olympics-baseball/scoreboard,,,,directory-only,requires-validation,https://site.api.espn.com/apis/site/v2/sports/baseball/olympics-baseball/summary?event={providerEventId},not-tested,https://site.api.espn.com/apis/site/v2/sports/baseball/olympics-baseball/teams,not-established,https://site.api.espn.com/apis/v2/sports/baseball/olympics-baseball/standings,not-established,
baseball,Puerto Rican Winter League,puerto-rican-winter-league,espn:baseball:puerto-rican-winter-league,W2-team-and-soccer,team-match,false,https://site.api.espn.com/apis/site/v2/leagues/dropdown?region=us&lang=en&sport=baseball,https://site.api.espn.com/apis/site/v2/sports/baseball/puerto-rican-winter-league/scoreboard,,,,directory-only,requires-validation,https://site.api.espn.com/apis/site/v2/sports/baseball/puerto-rican-winter-league/summary?event={providerEventId},not-tested,https://site.api.espn.com/apis/site/v2/sports/baseball/puerto-rican-winter-league/teams,not-established,https://site.api.espn.com/apis/v2/sports/baseball/puerto-rican-winter-league/standings,not-established,
baseball,Venezuelan Winter League,venezuelan-winter-league,espn:baseball:venezuelan-winter-league,W2-team-and-soccer,team-match,false,https://site.api.espn.com/apis/site/v2/leagues/dropdown?region=us&lang=en&sport=baseball,https://site.api.espn.com/apis/site/v2/sports/baseball/venezuelan-winter-league/scoreboard,,,,directory-only,requires-validation,https://site.api.espn.com/apis/site/v2/sports/baseball/venezuelan-winter-league/summary?event={providerEventId},not-tested,https://site.api.espn.com/apis/site/v2/sports/baseball/venezuelan-winter-league/teams,not-established,https://site.api.espn.com/apis/v2/sports/baseball/venezuelan-winter-league/standings,not-established,
baseball,World Baseball Classic,world-baseball-classic,espn:baseball:world-baseball-classic,W2-team-and-soccer,team-match,false,https://site.api.espn.com/apis/site/v2/leagues/dropdown?region=us&lang=en&sport=baseball,https://site.api.espn.com/apis/site/v2/sports/baseball/world-baseball-classic/scoreboard,401845801,2026-03-18T00:00Z,provider-samples/baseball--world-baseball-classic.json,sample-returned,requires-validation,https://site.api.espn.com/apis/site/v2/sports/baseball/world-baseball-classic/summary?event=401845801,not-tested,https://site.api.espn.com/apis/site/v2/sports/baseball/world-baseball-classic/teams,not-established,https://site.api.espn.com/apis/v2/sports/baseball/world-baseball-classic/standings,not-established,
basketball,FIBA World Cup,fiba,espn:basketball:fiba,W2-team-and-soccer,team-match,false,https://site.api.espn.com/apis/site/v2/leagues/dropdown?region=us&lang=en&sport=basketball,https://site.api.espn.com/apis/site/v2/sports/basketball/fiba/scoreboard,401917259,2026-09-13T14:30Z,provider-samples/basketball--fiba.json,sample-returned,requires-validation,https://site.api.espn.com/apis/site/v2/sports/basketball/fiba/summary?event=401917259,not-tested,https://site.api.espn.com/apis/site/v2/sports/basketball/fiba/teams,not-established,https://site.api.espn.com/apis/v2/sports/basketball/fiba/standings,not-established,Verify competition/season/gender from event metadata; directory label alone is insufficient
basketball,Olympics Men's Basketball,mens-olympics-basketball,espn:basketball:mens-olympics-basketball,W2-team-and-soccer,team-match,false,https://site.api.espn.com/apis/site/v2/leagues/dropdown?region=us&lang=en&sport=basketball,https://site.api.espn.com/apis/site/v2/sports/basketball/mens-olympics-basketball/scoreboard,401694865,2024-08-10T09:00Z,provider-samples/basketball--mens-olympics-basketball.json,sample-returned,requires-validation,https://site.api.espn.com/apis/site/v2/sports/basketball/mens-olympics-basketball/summary?event=401694865,not-tested,https://site.api.espn.com/apis/site/v2/sports/basketball/mens-olympics-basketball/teams,not-established,https://site.api.espn.com/apis/v2/sports/basketball/mens-olympics-basketball/standings,not-established,Returned event predates 2026; validate current coverage or legitimate tournament cycle
basketball,NBA G League,nba-development,espn:basketball:nba-development,W2-team-and-soccer,team-match,false,https://site.api.espn.com/apis/site/v2/leagues/dropdown?region=us&lang=en&sport=basketball,https://site.api.espn.com/apis/site/v2/sports/basketball/nba-development/scoreboard,401914361,2026-11-07T00:00Z,provider-samples/basketball--nba-development.json,sample-returned,requires-validation,https://site.api.espn.com/apis/site/v2/sports/basketball/nba-development/summary?event=401914361,200,https://site.api.espn.com/apis/site/v2/sports/basketball/nba-development/teams,34,https://site.api.espn.com/apis/v2/sports/basketball/nba-development/standings,True,
basketball,NBA California Classic Summer League,nba-summer-california,espn:basketball:nba-summer-california,W2-team-and-soccer,team-match,false,https://site.api.espn.com/apis/site/v2/leagues/dropdown?region=us&lang=en&sport=basketball,https://site.api.espn.com/apis/site/v2/sports/basketball/nba-summer-california/scoreboard,,,,directory-only,requires-validation,https://site.api.espn.com/apis/site/v2/sports/basketball/nba-summer-california/summary?event={providerEventId},not-tested,https://site.api.espn.com/apis/site/v2/sports/basketball/nba-summer-california/teams,not-established,https://site.api.espn.com/apis/v2/sports/basketball/nba-summer-california/standings,not-established,
basketball,Golden State Summer League,nba-summer-golden-state,espn:basketball:nba-summer-golden-state,W2-team-and-soccer,team-match,false,https://site.api.espn.com/apis/site/v2/leagues/dropdown?region=us&lang=en&sport=basketball,https://site.api.espn.com/apis/site/v2/sports/basketball/nba-summer-golden-state/scoreboard,,,,directory-only,requires-validation,https://site.api.espn.com/apis/site/v2/sports/basketball/nba-summer-golden-state/summary?event={providerEventId},not-tested,https://site.api.espn.com/apis/site/v2/sports/basketball/nba-summer-golden-state/teams,not-established,https://site.api.espn.com/apis/v2/sports/basketball/nba-summer-golden-state/standings,not-established,
basketball,Las Vegas Summer League,nba-summer-las-vegas,espn:basketball:nba-summer-las-vegas,W2-team-and-soccer,team-match,false,https://site.api.espn.com/apis/site/v2/leagues/dropdown?region=us&lang=en&sport=basketball,https://site.api.espn.com/apis/site/v2/sports/basketball/nba-summer-las-vegas/scoreboard,401881720,2026-07-19T20:30Z,provider-samples/basketball--nba-summer-las-vegas.json,sample-returned,requires-validation,https://site.api.espn.com/apis/site/v2/sports/basketball/nba-summer-las-vegas/summary?event=401881720,not-tested,https://site.api.espn.com/apis/site/v2/sports/basketball/nba-summer-las-vegas/teams,not-established,https://site.api.espn.com/apis/v2/sports/basketball/nba-summer-las-vegas/standings,not-established,
basketball,Orlando Summer League,nba-summer-orlando,espn:basketball:nba-summer-orlando,W2-team-and-soccer,team-match,false,https://site.api.espn.com/apis/site/v2/leagues/dropdown?region=us&lang=en&sport=basketball,https://site.api.espn.com/apis/site/v2/sports/basketball/nba-summer-orlando/scoreboard,,,,directory-only,requires-validation,https://site.api.espn.com/apis/site/v2/sports/basketball/nba-summer-orlando/summary?event={providerEventId},not-tested,https://site.api.espn.com/apis/site/v2/sports/basketball/nba-summer-orlando/teams,not-established,https://site.api.espn.com/apis/v2/sports/basketball/nba-summer-orlando/standings,not-established,
basketball,Sacramento Summer League,nba-summer-sacramento,espn:basketball:nba-summer-sacramento,W2-team-and-soccer,team-match,false,https://site.api.espn.com/apis/site/v2/leagues/dropdown?region=us&lang=en&sport=basketball,https://site.api.espn.com/apis/site/v2/sports/basketball/nba-summer-sacramento/scoreboard,,,,directory-only,requires-validation,https://site.api.espn.com/apis/site/v2/sports/basketball/nba-summer-sacramento/summary?event={providerEventId},not-tested,https://site.api.espn.com/apis/site/v2/sports/basketball/nba-summer-sacramento/teams,not-established,https://site.api.espn.com/apis/v2/sports/basketball/nba-summer-sacramento/standings,not-established,
basketball,Salt Lake City Summer League,nba-summer-utah,espn:basketball:nba-summer-utah,W2-team-and-soccer,team-match,false,https://site.api.espn.com/apis/site/v2/leagues/dropdown?region=us&lang=en&sport=basketball,https://site.api.espn.com/apis/site/v2/sports/basketball/nba-summer-utah/scoreboard,,,,directory-only,requires-validation,https://site.api.espn.com/apis/site/v2/sports/basketball/nba-summer-utah/summary?event={providerEventId},not-tested,https://site.api.espn.com/apis/site/v2/sports/basketball/nba-summer-utah/teams,not-established,https://site.api.espn.com/apis/v2/sports/basketball/nba-summer-utah/standings,not-established,
basketball,National Basketball League,nbl,espn:basketball:nbl,W2-team-and-soccer,team-match,false,https://site.api.espn.com/apis/site/v2/leagues/dropdown?region=us&lang=en&sport=basketball,https://site.api.espn.com/apis/site/v2/sports/basketball/nbl/scoreboard,401875267,2026-09-24T09:30Z,provider-samples/basketball--nbl.json,sample-returned,requires-validation,https://site.api.espn.com/apis/site/v2/sports/basketball/nbl/summary?event=401875267,not-tested,https://site.api.espn.com/apis/site/v2/sports/basketball/nbl/teams,not-established,https://site.api.espn.com/apis/v2/sports/basketball/nbl/standings,not-established,
basketball,Olympics Women's Basketball,womens-olympics-basketball,espn:basketball:womens-olympics-basketball,W2-team-and-soccer,team-match,false,https://site.api.espn.com/apis/site/v2/leagues/dropdown?region=us&lang=en&sport=basketball,https://site.api.espn.com/apis/site/v2/sports/basketball/womens-olympics-basketball/scoreboard,401694857,2024-08-11T09:30Z,provider-samples/basketball--womens-olympics-basketball.json,sample-returned,requires-validation,https://site.api.espn.com/apis/site/v2/sports/basketball/womens-olympics-basketball/summary?event=401694857,not-tested,https://site.api.espn.com/apis/site/v2/sports/basketball/womens-olympics-basketball/teams,not-established,https://site.api.espn.com/apis/v2/sports/basketball/womens-olympics-basketball/standings,not-established,Returned event predates 2026; validate current coverage or legitimate tournament cycle
field-hockey,NCAA Women's Field Hockey,womens-college-field-hockey,espn:field-hockey:womens-college-field-hockey,W3-new-sports,team-match,true,https://site.api.espn.com/apis/site/v2/leagues/dropdown?region=us&lang=en&sport=field-hockey,https://site.api.espn.com/apis/site/v2/sports/field-hockey/womens-college-field-hockey/scoreboard,401899815,2026-09-24T14:00Z,provider-samples/field-hockey--womens-college-field-hockey.json,sample-returned,requires-validation,https://site.api.espn.com/apis/site/v2/sports/field-hockey/womens-college-field-hockey/summary?event=401899815,200,https://site.api.espn.com/apis/site/v2/sports/field-hockey/womens-college-field-hockey/teams,0,https://site.api.espn.com/apis/v2/sports/field-hockey/womens-college-field-hockey/standings,True,
football,Canadian Football League,cfl,espn:football:cfl,W6-source-resolution,team-match,false,https://site.api.espn.com/apis/site/v2/leagues/dropdown?region=us&lang=en&sport=football,https://site.api.espn.com/apis/site/v2/sports/football/cfl/scoreboard,401504210,2022-11-20T23:00Z,provider-samples/football--cfl.json,sample-returned,requires-validation,https://site.api.espn.com/apis/site/v2/sports/football/cfl/summary?event=401504210,not-tested,https://site.api.espn.com/apis/site/v2/sports/football/cfl/teams,not-established,https://site.api.espn.com/apis/v2/sports/football/cfl/standings,not-established,Returned event predates 2026; validate current coverage or legitimate tournament cycle
football,United Football League,ufl,espn:football:ufl,W2-team-and-soccer,team-match,false,https://site.api.espn.com/apis/site/v2/leagues/dropdown?region=us&lang=en&sport=football,https://site.api.espn.com/apis/site/v2/sports/football/ufl/scoreboard,401857566,2026-06-13T19:00Z,provider-samples/football--ufl.json,sample-returned,requires-validation,https://site.api.espn.com/apis/site/v2/sports/football/ufl/summary?event=401857566,200,https://site.api.espn.com/apis/site/v2/sports/football/ufl/teams,8,https://site.api.espn.com/apis/v2/sports/football/ufl/standings,True,
football,XFL,xfl,espn:football:xfl,W2-team-and-soccer,team-match,false,https://site.api.espn.com/apis/site/v2/leagues/dropdown?region=us&lang=en&sport=football,https://site.api.espn.com/apis/site/v2/sports/football/xfl/scoreboard,,,,directory-only,requires-validation,https://site.api.espn.com/apis/site/v2/sports/football/xfl/summary?event={providerEventId},not-tested,https://site.api.espn.com/apis/site/v2/sports/football/xfl/teams,not-established,https://site.api.espn.com/apis/v2/sports/football/xfl/standings,not-established,
golf,PGA Tour Champions,champions-tour,espn:golf:champions-tour,W4-golf,golf-leaderboard,false,https://site.api.espn.com/apis/site/v2/leagues/dropdown?region=us&lang=en&sport=golf,https://site.api.espn.com/apis/site/v2/sports/golf/champions-tour/scoreboard,401832077,2026-10-02T04:00Z,provider-samples/golf--champions-tour.json,sample-returned,requires-validation,https://site.api.espn.com/apis/site/v2/sports/golf/champions-tour/summary?event=401832077,not-tested,https://site.api.espn.com/apis/site/v2/sports/golf/champions-tour/teams,not-established,https://site.api.espn.com/apis/v2/sports/golf/champions-tour/standings,not-established,Sample has no competitors; schedule availability is not leaderboard/result availability
golf,DP World Tour,eur,espn:golf:eur,W4-golf,golf-leaderboard,false,https://site.api.espn.com/apis/site/v2/leagues/dropdown?region=us&lang=en&sport=golf,https://site.api.espn.com/apis/site/v2/sports/golf/eur/scoreboard,401822703,2026-09-24T04:00Z,provider-samples/golf--eur.json,sample-returned,requires-validation,https://site.api.espn.com/apis/site/v2/sports/golf/eur/summary?event=401822703,not-tested,https://site.api.espn.com/apis/site/v2/sports/golf/eur/teams,not-established,https://site.api.espn.com/apis/v2/sports/golf/eur/standings,not-established,
golf,LIV Golf Invitational Series,liv,espn:golf:liv,W4-golf,golf-leaderboard,false,https://site.api.espn.com/apis/site/v2/leagues/dropdown?region=us&lang=en&sport=golf,https://site.api.espn.com/apis/site/v2/sports/golf/liv/scoreboard,401843582,2026-08-30T04:00Z,provider-samples/golf--liv.json,sample-returned,requires-validation,https://site.api.espn.com/apis/site/v2/sports/golf/liv/summary?event=401843582,not-tested,https://site.api.espn.com/apis/site/v2/sports/golf/liv/teams,not-established,https://site.api.espn.com/apis/v2/sports/golf/liv/standings,not-established,Sample has no competitors; schedule availability is not leaderboard/result availability
golf,Ladies Pro Golf Association,lpga,espn:golf:lpga,W4-golf,golf-leaderboard,false,https://site.api.espn.com/apis/site/v2/leagues/dropdown?region=us&lang=en&sport=golf,https://site.api.espn.com/apis/site/v2/sports/golf/lpga/scoreboard,401835170,2026-09-25T04:00Z,provider-samples/golf--lpga.json,sample-returned,requires-validation,https://site.api.espn.com/apis/site/v2/sports/golf/lpga/summary?event=401835170,404,https://site.api.espn.com/apis/site/v2/sports/golf/lpga/teams,0,https://site.api.espn.com/apis/v2/sports/golf/lpga/standings,False,
golf,Olympic Golf - Men,mens-olympics-golf,espn:golf:mens-olympics-golf,W4-golf,golf-leaderboard,false,https://site.api.espn.com/apis/site/v2/leagues/dropdown?region=us&lang=en&sport=golf,https://site.api.espn.com/apis/site/v2/sports/golf/mens-olympics-golf/scoreboard,,,,directory-only,requires-validation,https://site.api.espn.com/apis/site/v2/sports/golf/mens-olympics-golf/summary?event={providerEventId},not-tested,https://site.api.espn.com/apis/site/v2/sports/golf/mens-olympics-golf/teams,not-established,https://site.api.espn.com/apis/v2/sports/golf/mens-olympics-golf/standings,not-established,
golf,Korn Ferry Tour,ntw,espn:golf:ntw,W4-golf,golf-leaderboard,false,https://site.api.espn.com/apis/site/v2/leagues/dropdown?region=us&lang=en&sport=golf,https://site.api.espn.com/apis/site/v2/sports/golf/ntw/scoreboard,401837450,2026-10-01T04:00Z,provider-samples/golf--ntw.json,sample-returned,requires-validation,https://site.api.espn.com/apis/site/v2/sports/golf/ntw/summary?event=401837450,not-tested,https://site.api.espn.com/apis/site/v2/sports/golf/ntw/teams,not-established,https://site.api.espn.com/apis/v2/sports/golf/ntw/standings,not-established,Sample has no competitors; schedule availability is not leaderboard/result availability
golf,TGL,tgl,espn:golf:tgl,W4-golf,team-golf,false,https://site.api.espn.com/apis/site/v2/leagues/dropdown?region=us&lang=en&sport=golf,https://site.api.espn.com/apis/site/v2/sports/golf/tgl/scoreboard,401865268,2026-03-24T01:00Z,provider-samples/golf--tgl.json,sample-returned,requires-validation,https://site.api.espn.com/apis/site/v2/sports/golf/tgl/summary?event=401865268,404,https://site.api.espn.com/apis/site/v2/sports/golf/tgl/teams,6,https://site.api.espn.com/apis/v2/sports/golf/tgl/standings,True,Team golf with multiple competitions; do not use PGA athlete-only normalizer
golf,Olympic Golf - Women,womens-olympics-golf,espn:golf:womens-olympics-golf,W4-golf,golf-leaderboard,false,https://site.api.espn.com/apis/site/v2/leagues/dropdown?region=us&lang=en&sport=golf,https://site.api.espn.com/apis/site/v2/sports/golf/womens-olympics-golf/scoreboard,,,,directory-only,requires-validation,https://site.api.espn.com/apis/site/v2/sports/golf/womens-olympics-golf/summary?event={providerEventId},not-tested,https://site.api.espn.com/apis/site/v2/sports/golf/womens-olympics-golf/teams,not-established,https://site.api.espn.com/apis/v2/sports/golf/womens-olympics-golf/standings,not-established,
hockey,World Cup of Hockey,hockey-world-cup,espn:hockey:hockey-world-cup,W2-team-and-soccer,team-match,false,https://site.api.espn.com/apis/site/v2/leagues/dropdown?region=us&lang=en&sport=hockey,https://site.api.espn.com/apis/site/v2/sports/hockey/hockey-world-cup/scoreboard,,,,directory-only,requires-validation,https://site.api.espn.com/apis/site/v2/sports/hockey/hockey-world-cup/summary?event={providerEventId},not-tested,https://site.api.espn.com/apis/site/v2/sports/hockey/hockey-world-cup/teams,not-established,https://site.api.espn.com/apis/v2/sports/hockey/hockey-world-cup/standings,not-established,
hockey,NCAA Men's Ice Hockey,mens-college-hockey,espn:hockey:mens-college-hockey,W2-team-and-soccer,team-match,true,https://site.api.espn.com/apis/site/v2/leagues/dropdown?region=us&lang=en&sport=hockey,https://site.api.espn.com/apis/site/v2/sports/hockey/mens-college-hockey/scoreboard,401912409,2026-10-02T22:00Z,provider-samples/hockey--mens-college-hockey.json,sample-returned,requires-validation,https://site.api.espn.com/apis/site/v2/sports/hockey/mens-college-hockey/summary?event=401912409,200,https://site.api.espn.com/apis/site/v2/sports/hockey/mens-college-hockey/teams,50,https://site.api.espn.com/apis/v2/sports/hockey/mens-college-hockey/standings,True,
hockey,Men's Ice Hockey,olympics-mens-ice-hockey,espn:hockey:olympics-mens-ice-hockey,W2-team-and-soccer,team-match,false,https://site.api.espn.com/apis/site/v2/leagues/dropdown?region=us&lang=en&sport=hockey,https://site.api.espn.com/apis/site/v2/sports/hockey/olympics-mens-ice-hockey/scoreboard,,,,directory-only,requires-validation,https://site.api.espn.com/apis/site/v2/sports/hockey/olympics-mens-ice-hockey/summary?event={providerEventId},not-tested,https://site.api.espn.com/apis/site/v2/sports/hockey/olympics-mens-ice-hockey/teams,not-established,https://site.api.espn.com/apis/v2/sports/hockey/olympics-mens-ice-hockey/standings,not-established,
hockey,Women's Ice Hockey,olympics-womens-ice-hockey,espn:hockey:olympics-womens-ice-hockey,W2-team-and-soccer,team-match,false,https://site.api.espn.com/apis/site/v2/leagues/dropdown?region=us&lang=en&sport=hockey,https://site.api.espn.com/apis/site/v2/sports/hockey/olympics-womens-ice-hockey/scoreboard,,,,directory-only,requires-validation,https://site.api.espn.com/apis/site/v2/sports/hockey/olympics-womens-ice-hockey/summary?event={providerEventId},not-tested,https://site.api.espn.com/apis/site/v2/sports/hockey/olympics-womens-ice-hockey/teams,not-established,https://site.api.espn.com/apis/v2/sports/hockey/olympics-womens-ice-hockey/standings,not-established,
hockey,NCAA Women's Hockey,womens-college-hockey,espn:hockey:womens-college-hockey,W2-team-and-soccer,team-match,true,https://site.api.espn.com/apis/site/v2/leagues/dropdown?region=us&lang=en&sport=hockey,https://site.api.espn.com/apis/site/v2/sports/hockey/womens-college-hockey/scoreboard,401904100,2026-09-24T21:00Z,provider-samples/hockey--womens-college-hockey.json,sample-returned,requires-validation,https://site.api.espn.com/apis/site/v2/sports/hockey/womens-college-hockey/summary?event=401904100,not-tested,https://site.api.espn.com/apis/site/v2/sports/hockey/womens-college-hockey/teams,not-established,https://site.api.espn.com/apis/v2/sports/hockey/womens-college-hockey/standings,not-established,
lacrosse,NCAA Men's Lacrosse,mens-college-lacrosse,espn:lacrosse:mens-college-lacrosse,W3-new-sports,team-match,true,https://site.api.espn.com/apis/site/v2/leagues/dropdown?region=us&lang=en&sport=lacrosse,https://site.api.espn.com/apis/site/v2/sports/lacrosse/mens-college-lacrosse/scoreboard,401870925,2026-05-25T17:00Z,provider-samples/lacrosse--mens-college-lacrosse.json,sample-returned,requires-validation,https://site.api.espn.com/apis/site/v2/sports/lacrosse/mens-college-lacrosse/summary?event=401870925,not-tested,https://site.api.espn.com/apis/site/v2/sports/lacrosse/mens-college-lacrosse/teams,not-established,https://site.api.espn.com/apis/v2/sports/lacrosse/mens-college-lacrosse/standings,not-established,
lacrosse,National Lacrosse League,nll,espn:lacrosse:nll,W3-new-sports,team-match,false,https://site.api.espn.com/apis/site/v2/leagues/dropdown?region=us&lang=en&sport=lacrosse,https://site.api.espn.com/apis/site/v2/sports/lacrosse/nll/scoreboard,401872545,2026-05-17T22:00Z,provider-samples/lacrosse--nll.json,sample-returned,requires-validation,https://site.api.espn.com/apis/site/v2/sports/lacrosse/nll/summary?event=401872545,not-tested,https://site.api.espn.com/apis/site/v2/sports/lacrosse/nll/teams,not-established,https://site.api.espn.com/apis/v2/sports/lacrosse/nll/standings,not-established,
lacrosse,Premier Lacrosse League,pll,espn:lacrosse:pll,W3-new-sports,team-match,false,https://site.api.espn.com/apis/site/v2/leagues/dropdown?region=us&lang=en&sport=lacrosse,https://site.api.espn.com/apis/site/v2/sports/lacrosse/pll/scoreboard,401919201,2026-09-20T16:30Z,provider-samples/lacrosse--pll.json,sample-returned,requires-validation,https://site.api.espn.com/apis/site/v2/sports/lacrosse/pll/summary?event=401919201,200,https://site.api.espn.com/apis/site/v2/sports/lacrosse/pll/teams,12,https://site.api.espn.com/apis/v2/sports/lacrosse/pll/standings,True,
lacrosse,NCAA Women's Lacrosse,womens-college-lacrosse,espn:lacrosse:womens-college-lacrosse,W3-new-sports,team-match,true,https://site.api.espn.com/apis/site/v2/leagues/dropdown?region=us&lang=en&sport=lacrosse,https://site.api.espn.com/apis/site/v2/sports/lacrosse/womens-college-lacrosse/scoreboard,401870993,2026-05-24T16:00Z,provider-samples/lacrosse--womens-college-lacrosse.json,sample-returned,requires-validation,https://site.api.espn.com/apis/site/v2/sports/lacrosse/womens-college-lacrosse/summary?event=401870993,not-tested,https://site.api.espn.com/apis/site/v2/sports/lacrosse/womens-college-lacrosse/teams,not-established,https://site.api.espn.com/apis/v2/sports/lacrosse/womens-college-lacrosse/standings,not-established,
mma,Absolute Championship Berkut,absolute,espn:mma:absolute,W5-combat,fight-card,false,https://site.api.espn.com/apis/site/v2/leagues/dropdown?region=us&lang=en&sport=mma,https://site.api.espn.com/apis/site/v2/sports/mma/absolute/scoreboard,,,,directory-only,requires-validation,https://site.api.espn.com/apis/site/v2/sports/mma/absolute/summary?event={providerEventId},not-tested,https://site.api.espn.com/apis/site/v2/sports/mma/absolute/teams,not-established,https://site.api.espn.com/apis/v2/sports/mma/absolute/standings,not-established,
mma,Affliction,affliction,espn:mma:affliction,W5-combat,fight-card,false,https://site.api.espn.com/apis/site/v2/leagues/dropdown?region=us&lang=en&sport=mma,https://site.api.espn.com/apis/site/v2/sports/mma/affliction/scoreboard,,,,directory-only,requires-validation,https://site.api.espn.com/apis/site/v2/sports/mma/affliction/summary?event={providerEventId},not-tested,https://site.api.espn.com/apis/site/v2/sports/mma/affliction/teams,not-established,https://site.api.espn.com/apis/v2/sports/mma/affliction/standings,not-established,
mma,Bang Fighting Championships,bang-fighting,espn:mma:bang-fighting,W5-combat,fight-card,false,https://site.api.espn.com/apis/site/v2/leagues/dropdown?region=us&lang=en&sport=mma,https://site.api.espn.com/apis/site/v2/sports/mma/bang-fighting/scoreboard,,,,directory-only,requires-validation,https://site.api.espn.com/apis/site/v2/sports/mma/bang-fighting/summary?event={providerEventId},not-tested,https://site.api.espn.com/apis/site/v2/sports/mma/bang-fighting/teams,not-established,https://site.api.espn.com/apis/v2/sports/mma/bang-fighting/standings,not-established,
mma,Banni Fight Combat,banni-fight,espn:mma:banni-fight,W5-combat,fight-card,false,https://site.api.espn.com/apis/site/v2/leagues/dropdown?region=us&lang=en&sport=mma,https://site.api.espn.com/apis/site/v2/sports/mma/banni-fight/scoreboard,,,,directory-only,requires-validation,https://site.api.espn.com/apis/site/v2/sports/mma/banni-fight/summary?event={providerEventId},not-tested,https://site.api.espn.com/apis/site/v2/sports/mma/banni-fight/teams,not-established,https://site.api.espn.com/apis/v2/sports/mma/banni-fight/standings,not-established,
mma,Banzay Fight Championship,banzay,espn:mma:banzay,W5-combat,fight-card,false,https://site.api.espn.com/apis/site/v2/leagues/dropdown?region=us&lang=en&sport=mma,https://site.api.espn.com/apis/site/v2/sports/mma/banzay/scoreboard,,,,directory-only,requires-validation,https://site.api.espn.com/apis/site/v2/sports/mma/banzay/summary?event={providerEventId},not-tested,https://site.api.espn.com/apis/site/v2/sports/mma/banzay/teams,not-established,https://site.api.espn.com/apis/v2/sports/mma/banzay/standings,not-established,
mma,Barracao Fight Championship,barracao,espn:mma:barracao,W5-combat,fight-card,false,https://site.api.espn.com/apis/site/v2/leagues/dropdown?region=us&lang=en&sport=mma,https://site.api.espn.com/apis/site/v2/sports/mma/barracao/scoreboard,,,,directory-only,requires-validation,https://site.api.espn.com/apis/site/v2/sports/mma/barracao/summary?event={providerEventId},not-tested,https://site.api.espn.com/apis/site/v2/sports/mma/barracao/teams,not-established,https://site.api.espn.com/apis/v2/sports/mma/barracao/standings,not-established,
mma,Battlezone Fighting Championships,battlezone,espn:mma:battlezone,W5-combat,fight-card,false,https://site.api.espn.com/apis/site/v2/leagues/dropdown?region=us&lang=en&sport=mma,https://site.api.espn.com/apis/site/v2/sports/mma/battlezone/scoreboard,,,,directory-only,requires-validation,https://site.api.espn.com/apis/site/v2/sports/mma/battlezone/summary?event={providerEventId},not-tested,https://site.api.espn.com/apis/site/v2/sports/mma/battlezone/teams,not-established,https://site.api.espn.com/apis/v2/sports/mma/battlezone/standings,not-established,
mma,Bellator Fighting Championship,bellator,espn:mma:bellator,W5-combat,fight-card,false,https://site.api.espn.com/apis/site/v2/leagues/dropdown?region=us&lang=en&sport=mma,https://site.api.espn.com/apis/site/v2/sports/mma/bellator/scoreboard,,,,directory-only,requires-validation,https://site.api.espn.com/apis/site/v2/sports/mma/bellator/summary?event={providerEventId},not-tested,https://site.api.espn.com/apis/site/v2/sports/mma/bellator/teams,not-established,https://site.api.espn.com/apis/v2/sports/mma/bellator/standings,not-established,
mma,Benevides Fight Championship,benevides,espn:mma:benevides,W5-combat,fight-card,false,https://site.api.espn.com/apis/site/v2/leagues/dropdown?region=us&lang=en&sport=mma,https://site.api.espn.com/apis/site/v2/sports/mma/benevides/scoreboard,,,,directory-only,requires-validation,https://site.api.espn.com/apis/site/v2/sports/mma/benevides/summary?event={providerEventId},not-tested,https://site.api.espn.com/apis/site/v2/sports/mma/benevides/teams,not-established,https://site.api.espn.com/apis/v2/sports/mma/benevides/standings,not-established,
mma,Big Fight Champions,big-fight,espn:mma:big-fight,W5-combat,fight-card,false,https://site.api.espn.com/apis/site/v2/leagues/dropdown?region=us&lang=en&sport=mma,https://site.api.espn.com/apis/site/v2/sports/mma/big-fight/scoreboard,,,,directory-only,requires-validation,https://site.api.espn.com/apis/site/v2/sports/mma/big-fight/summary?event={providerEventId},not-tested,https://site.api.espn.com/apis/site/v2/sports/mma/big-fight/teams,not-established,https://site.api.espn.com/apis/v2/sports/mma/big-fight/standings,not-established,
mma,Blackout Fighting Championship,blackout,espn:mma:blackout,W5-combat,fight-card,false,https://site.api.espn.com/apis/site/v2/leagues/dropdown?region=us&lang=en&sport=mma,https://site.api.espn.com/apis/site/v2/sports/mma/blackout/scoreboard,,,,directory-only,requires-validation,https://site.api.espn.com/apis/site/v2/sports/mma/blackout/summary?event={providerEventId},not-tested,https://site.api.espn.com/apis/site/v2/sports/mma/blackout/teams,not-established,https://site.api.espn.com/apis/v2/sports/mma/blackout/standings,not-established,
mma,Bosnia Fight Championship,bosnia,espn:mma:bosnia,W5-combat,fight-card,false,https://site.api.espn.com/apis/site/v2/leagues/dropdown?region=us&lang=en&sport=mma,https://site.api.espn.com/apis/site/v2/sports/mma/bosnia/scoreboard,,,,directory-only,requires-validation,https://site.api.espn.com/apis/site/v2/sports/mma/bosnia/summary?event={providerEventId},not-tested,https://site.api.espn.com/apis/site/v2/sports/mma/bosnia/teams,not-established,https://site.api.espn.com/apis/v2/sports/mma/bosnia/standings,not-established,
mma,Boxe Fight Combat,boxe,espn:mma:boxe,W5-combat,fight-card,false,https://site.api.espn.com/apis/site/v2/leagues/dropdown?region=us&lang=en&sport=mma,https://site.api.espn.com/apis/site/v2/sports/mma/boxe/scoreboard,,,,directory-only,requires-validation,https://site.api.espn.com/apis/site/v2/sports/mma/boxe/summary?event={providerEventId},not-tested,https://site.api.espn.com/apis/site/v2/sports/mma/boxe/teams,not-established,https://site.api.espn.com/apis/v2/sports/mma/boxe/standings,not-established,
mma,Brazilian Freestyle Circuit,brazilian-freestyle,espn:mma:brazilian-freestyle,W5-combat,fight-card,false,https://site.api.espn.com/apis/site/v2/leagues/dropdown?region=us&lang=en&sport=mma,https://site.api.espn.com/apis/site/v2/sports/mma/brazilian-freestyle/scoreboard,,,,directory-only,requires-validation,https://site.api.espn.com/apis/site/v2/sports/mma/brazilian-freestyle/summary?event={providerEventId},not-tested,https://site.api.espn.com/apis/site/v2/sports/mma/brazilian-freestyle/teams,not-established,https://site.api.espn.com/apis/v2/sports/mma/brazilian-freestyle/standings,not-established,
mma,Budo Fighting Championships,budo,espn:mma:budo,W5-combat,fight-card,false,https://site.api.espn.com/apis/site/v2/leagues/dropdown?region=us&lang=en&sport=mma,https://site.api.espn.com/apis/site/v2/sports/mma/budo/scoreboard,,,,directory-only,requires-validation,https://site.api.espn.com/apis/site/v2/sports/mma/budo/summary?event={providerEventId},not-tested,https://site.api.espn.com/apis/site/v2/sports/mma/budo/teams,not-established,https://site.api.espn.com/apis/v2/sports/mma/budo/standings,not-established,
mma,Cage Warriors Fighting Championship,cage-warriors,espn:mma:cage-warriors,W5-combat,fight-card,false,https://site.api.espn.com/apis/site/v2/leagues/dropdown?region=us&lang=en&sport=mma,https://site.api.espn.com/apis/site/v2/sports/mma/cage-warriors/scoreboard,,,,directory-only,requires-validation,https://site.api.espn.com/apis/site/v2/sports/mma/cage-warriors/summary?event={providerEventId},not-tested,https://site.api.espn.com/apis/site/v2/sports/mma/cage-warriors/teams,not-established,https://site.api.espn.com/apis/v2/sports/mma/cage-warriors/standings,not-established,
mma,Dream,dream,espn:mma:dream,W5-combat,fight-card,false,https://site.api.espn.com/apis/site/v2/leagues/dropdown?region=us&lang=en&sport=mma,https://site.api.espn.com/apis/site/v2/sports/mma/dream/scoreboard,,,,directory-only,requires-validation,https://site.api.espn.com/apis/site/v2/sports/mma/dream/summary?event={providerEventId},not-tested,https://site.api.espn.com/apis/site/v2/sports/mma/dream/teams,not-established,https://site.api.espn.com/apis/v2/sports/mma/dream/standings,not-established,
mma,Fight Nights Global,fng,espn:mma:fng,W5-combat,fight-card,false,https://site.api.espn.com/apis/site/v2/leagues/dropdown?region=us&lang=en&sport=mma,https://site.api.espn.com/apis/site/v2/sports/mma/fng/scoreboard,,,,directory-only,requires-validation,https://site.api.espn.com/apis/site/v2/sports/mma/fng/summary?event={providerEventId},not-tested,https://site.api.espn.com/apis/site/v2/sports/mma/fng/teams,not-established,https://site.api.espn.com/apis/v2/sports/mma/fng/standings,not-established,
mma,Invicta FC,ifc,espn:mma:ifc,W5-combat,fight-card,false,https://site.api.espn.com/apis/site/v2/leagues/dropdown?region=us&lang=en&sport=mma,https://site.api.espn.com/apis/site/v2/sports/mma/ifc/scoreboard,600053913,2025-04-04T04:00Z,provider-samples/mma--ifc.json,sample-returned,requires-validation,https://site.api.espn.com/apis/site/v2/sports/mma/ifc/summary?event=600053913,not-tested,https://site.api.espn.com/apis/site/v2/sports/mma/ifc/teams,not-established,https://site.api.espn.com/apis/v2/sports/mma/ifc/standings,not-established,Returned event predates 2026; validate current coverage or legitimate tournament cycle
mma,International Fight League,ifl,espn:mma:ifl,W5-combat,fight-card,false,https://site.api.espn.com/apis/site/v2/leagues/dropdown?region=us&lang=en&sport=mma,https://site.api.espn.com/apis/site/v2/sports/mma/ifl/scoreboard,,,,directory-only,requires-validation,https://site.api.espn.com/apis/site/v2/sports/mma/ifl/summary?event={providerEventId},not-tested,https://site.api.espn.com/apis/site/v2/sports/mma/ifl/teams,not-established,https://site.api.espn.com/apis/v2/sports/mma/ifl/standings,not-established,
mma,K-1,k1,espn:mma:k1,W5-combat,fight-card,false,https://site.api.espn.com/apis/site/v2/leagues/dropdown?region=us&lang=en&sport=mma,https://site.api.espn.com/apis/site/v2/sports/mma/k1/scoreboard,,,,directory-only,requires-validation,https://site.api.espn.com/apis/site/v2/sports/mma/k1/summary?event={providerEventId},not-tested,https://site.api.espn.com/apis/site/v2/sports/mma/k1/teams,not-established,https://site.api.espn.com/apis/v2/sports/mma/k1/standings,not-established,
mma,Konfrontacja Sztuk Walki,ksw,espn:mma:ksw,W5-combat,fight-card,false,https://site.api.espn.com/apis/site/v2/leagues/dropdown?region=us&lang=en&sport=mma,https://site.api.espn.com/apis/site/v2/sports/mma/ksw/scoreboard,600059074,2024-12-20T05:00Z,provider-samples/mma--ksw.json,sample-returned,requires-validation,https://site.api.espn.com/apis/site/v2/sports/mma/ksw/summary?event=600059074,not-tested,https://site.api.espn.com/apis/site/v2/sports/mma/ksw/teams,not-established,https://site.api.espn.com/apis/v2/sports/mma/ksw/standings,not-established,Returned event predates 2026; validate current coverage or legitimate tournament cycle
mma,Legacy Fighting Alliance,lfa,espn:mma:lfa,W5-combat,fight-card,false,https://site.api.espn.com/apis/site/v2/leagues/dropdown?region=us&lang=en&sport=mma,https://site.api.espn.com/apis/site/v2/sports/mma/lfa/scoreboard,,,,directory-only,requires-validation,https://site.api.espn.com/apis/site/v2/sports/mma/lfa/summary?event={providerEventId},not-tested,https://site.api.espn.com/apis/site/v2/sports/mma/lfa/teams,not-established,https://site.api.espn.com/apis/v2/sports/mma/lfa/standings,not-established,
mma,Legacy Fighting Championship,lfc,espn:mma:lfc,W5-combat,fight-card,false,https://site.api.espn.com/apis/site/v2/leagues/dropdown?region=us&lang=en&sport=mma,https://site.api.espn.com/apis/site/v2/sports/mma/lfc/scoreboard,,,,directory-only,requires-validation,https://site.api.espn.com/apis/site/v2/sports/mma/lfc/summary?event={providerEventId},not-tested,https://site.api.espn.com/apis/site/v2/sports/mma/lfc/teams,not-established,https://site.api.espn.com/apis/v2/sports/mma/lfc/standings,not-established,
mma,M-1 Mix-Fight Championship,m1,espn:mma:m1,W5-combat,fight-card,false,https://site.api.espn.com/apis/site/v2/leagues/dropdown?region=us&lang=en&sport=mma,https://site.api.espn.com/apis/site/v2/sports/mma/m1/scoreboard,,,,directory-only,requires-validation,https://site.api.espn.com/apis/site/v2/sports/mma/m1/summary?event={providerEventId},not-tested,https://site.api.espn.com/apis/site/v2/sports/mma/m1/teams,not-established,https://site.api.espn.com/apis/v2/sports/mma/m1/standings,not-established,
mma,Maximum Fighting Championship,mfc,espn:mma:mfc,W5-combat,fight-card,false,https://site.api.espn.com/apis/site/v2/leagues/dropdown?region=us&lang=en&sport=mma,https://site.api.espn.com/apis/site/v2/sports/mma/mfc/scoreboard,,,,directory-only,requires-validation,https://site.api.espn.com/apis/site/v2/sports/mma/mfc/summary?event={providerEventId},not-tested,https://site.api.espn.com/apis/site/v2/sports/mma/mfc/teams,not-established,https://site.api.espn.com/apis/v2/sports/mma/mfc/standings,not-established,
mma,MVP,mvp,espn:mma:mvp,W5-combat,fight-card,false,https://site.api.espn.com/apis/site/v2/leagues/dropdown?region=us&lang=en&sport=mma,https://site.api.espn.com/apis/site/v2/sports/mma/mvp/scoreboard,,,,directory-only,requires-validation,https://site.api.espn.com/apis/site/v2/sports/mma/mvp/summary?event={providerEventId},not-tested,https://site.api.espn.com/apis/site/v2/sports/mma/mvp/teams,not-established,https://site.api.espn.com/apis/v2/sports/mma/mvp/standings,not-established,
mma,One Fighting Championship,ofc,espn:mma:ofc,W5-combat,fight-card,false,https://site.api.espn.com/apis/site/v2/leagues/dropdown?region=us&lang=en&sport=mma,https://site.api.espn.com/apis/site/v2/sports/mma/ofc/scoreboard,600060243,2026-02-27T05:00Z,provider-samples/mma--ofc.json,sample-returned,requires-validation,https://site.api.espn.com/apis/site/v2/sports/mma/ofc/summary?event=600060243,not-tested,https://site.api.espn.com/apis/site/v2/sports/mma/ofc/teams,not-established,https://site.api.espn.com/apis/v2/sports/mma/ofc/standings,not-established,
mma,Other,other,espn:mma:other,W5-combat,fight-card,false,https://site.api.espn.com/apis/site/v2/leagues/dropdown?region=us&lang=en&sport=mma,https://site.api.espn.com/apis/site/v2/sports/mma/other/scoreboard,,,,directory-only,requires-validation,https://site.api.espn.com/apis/site/v2/sports/mma/other/summary?event={providerEventId},not-tested,https://site.api.espn.com/apis/site/v2/sports/mma/other/teams,not-established,https://site.api.espn.com/apis/v2/sports/mma/other/standings,not-established,
mma,Pancrase,pancrase,espn:mma:pancrase,W5-combat,fight-card,false,https://site.api.espn.com/apis/site/v2/leagues/dropdown?region=us&lang=en&sport=mma,https://site.api.espn.com/apis/site/v2/sports/mma/pancrase/scoreboard,,,,directory-only,requires-validation,https://site.api.espn.com/apis/site/v2/sports/mma/pancrase/summary?event={providerEventId},not-tested,https://site.api.espn.com/apis/site/v2/sports/mma/pancrase/teams,not-established,https://site.api.espn.com/apis/v2/sports/mma/pancrase/standings,not-established,
mma,Professional Fighters League,pfl,espn:mma:pfl,W5-combat,fight-card,false,https://site.api.espn.com/apis/site/v2/leagues/dropdown?region=us&lang=en&sport=mma,https://site.api.espn.com/apis/site/v2/sports/mma/pfl/scoreboard,600061331,2026-10-16T22:00Z,provider-samples/mma--pfl.json,sample-returned,requires-validation,https://site.api.espn.com/apis/site/v2/sports/mma/pfl/summary?event=600061331,404,https://site.api.espn.com/apis/site/v2/sports/mma/pfl/teams,0,https://site.api.espn.com/apis/v2/sports/mma/pfl/standings,False,
mma,PRIDE Fighting Championships,pride,espn:mma:pride,W5-combat,fight-card,false,https://site.api.espn.com/apis/site/v2/leagues/dropdown?region=us&lang=en&sport=mma,https://site.api.espn.com/apis/site/v2/sports/mma/pride/scoreboard,,,,directory-only,requires-validation,https://site.api.espn.com/apis/site/v2/sports/mma/pride/summary?event={providerEventId},not-tested,https://site.api.espn.com/apis/site/v2/sports/mma/pride/teams,not-established,https://site.api.espn.com/apis/v2/sports/mma/pride/standings,not-established,
mma,ProElite,proelite,espn:mma:proelite,W5-combat,fight-card,false,https://site.api.espn.com/apis/site/v2/leagues/dropdown?region=us&lang=en&sport=mma,https://site.api.espn.com/apis/site/v2/sports/mma/proelite/scoreboard,,,,directory-only,requires-validation,https://site.api.espn.com/apis/site/v2/sports/mma/proelite/summary?event={providerEventId},not-tested,https://site.api.espn.com/apis/site/v2/sports/mma/proelite/teams,not-established,https://site.api.espn.com/apis/v2/sports/mma/proelite/standings,not-established,
mma,Resurrection Fighting Alliance,rfa,espn:mma:rfa,W5-combat,fight-card,false,https://site.api.espn.com/apis/site/v2/leagues/dropdown?region=us&lang=en&sport=mma,https://site.api.espn.com/apis/site/v2/sports/mma/rfa/scoreboard,,,,directory-only,requires-validation,https://site.api.espn.com/apis/site/v2/sports/mma/rfa/summary?event={providerEventId},not-tested,https://site.api.espn.com/apis/site/v2/sports/mma/rfa/teams,not-established,https://site.api.espn.com/apis/v2/sports/mma/rfa/standings,not-established,
mma,Rizin Fight Federation,rizin,espn:mma:rizin,W5-combat,fight-card,false,https://site.api.espn.com/apis/site/v2/leagues/dropdown?region=us&lang=en&sport=mma,https://site.api.espn.com/apis/site/v2/sports/mma/rizin/scoreboard,600053671,2024-12-31T05:00Z,provider-samples/mma--rizin.json,sample-returned,requires-validation,https://site.api.espn.com/apis/site/v2/sports/mma/rizin/summary?event=600053671,not-tested,https://site.api.espn.com/apis/site/v2/sports/mma/rizin/teams,not-established,https://site.api.espn.com/apis/v2/sports/mma/rizin/standings,not-established,Returned event predates 2026; validate current coverage or legitimate tournament cycle
mma,Ring of Combat,roc,espn:mma:roc,W5-combat,fight-card,false,https://site.api.espn.com/apis/site/v2/leagues/dropdown?region=us&lang=en&sport=mma,https://site.api.espn.com/apis/site/v2/sports/mma/roc/scoreboard,,,,directory-only,requires-validation,https://site.api.espn.com/apis/site/v2/sports/mma/roc/summary?event={providerEventId},not-tested,https://site.api.espn.com/apis/site/v2/sports/mma/roc/teams,not-established,https://site.api.espn.com/apis/v2/sports/mma/roc/standings,not-established,
mma,Super Fight League,sfl,espn:mma:sfl,W5-combat,fight-card,false,https://site.api.espn.com/apis/site/v2/leagues/dropdown?region=us&lang=en&sport=mma,https://site.api.espn.com/apis/site/v2/sports/mma/sfl/scoreboard,,,,directory-only,requires-validation,https://site.api.espn.com/apis/site/v2/sports/mma/sfl/summary?event={providerEventId},not-tested,https://site.api.espn.com/apis/site/v2/sports/mma/sfl/teams,not-established,https://site.api.espn.com/apis/v2/sports/mma/sfl/standings,not-established,
mma,Shark Fights,shark-fights,espn:mma:shark-fights,W5-combat,fight-card,false,https://site.api.espn.com/apis/site/v2/leagues/dropdown?region=us&lang=en&sport=mma,https://site.api.espn.com/apis/site/v2/sports/mma/shark-fights/scoreboard,,,,directory-only,requires-validation,https://site.api.espn.com/apis/site/v2/sports/mma/shark-fights/summary?event={providerEventId},not-tested,https://site.api.espn.com/apis/site/v2/sports/mma/shark-fights/teams,not-established,https://site.api.espn.com/apis/v2/sports/mma/shark-fights/standings,not-established,
mma,Shooto Brazil,shooto-brazil,espn:mma:shooto-brazil,W5-combat,fight-card,false,https://site.api.espn.com/apis/site/v2/leagues/dropdown?region=us&lang=en&sport=mma,https://site.api.espn.com/apis/site/v2/sports/mma/shooto-brazil/scoreboard,,,,directory-only,requires-validation,https://site.api.espn.com/apis/site/v2/sports/mma/shooto-brazil/summary?event={providerEventId},not-tested,https://site.api.espn.com/apis/site/v2/sports/mma/shooto-brazil/teams,not-established,https://site.api.espn.com/apis/v2/sports/mma/shooto-brazil/standings,not-established,
mma,Shooto Japan,shooto-japan,espn:mma:shooto-japan,W5-combat,fight-card,false,https://site.api.espn.com/apis/site/v2/leagues/dropdown?region=us&lang=en&sport=mma,https://site.api.espn.com/apis/site/v2/sports/mma/shooto-japan/scoreboard,,,,directory-only,requires-validation,https://site.api.espn.com/apis/site/v2/sports/mma/shooto-japan/summary?event={providerEventId},not-tested,https://site.api.espn.com/apis/site/v2/sports/mma/shooto-japan/teams,not-established,https://site.api.espn.com/apis/v2/sports/mma/shooto-japan/standings,not-established,
mma,ShoXC: Showtime Xtreme Combat,shoxc,espn:mma:shoxc,W5-combat,fight-card,false,https://site.api.espn.com/apis/site/v2/leagues/dropdown?region=us&lang=en&sport=mma,https://site.api.espn.com/apis/site/v2/sports/mma/shoxc/scoreboard,,,,directory-only,requires-validation,https://site.api.espn.com/apis/site/v2/sports/mma/shoxc/summary?event={providerEventId},not-tested,https://site.api.espn.com/apis/site/v2/sports/mma/shoxc/teams,not-established,https://site.api.espn.com/apis/v2/sports/mma/shoxc/standings,not-established,
mma,Strikeforce,strikeforce,espn:mma:strikeforce,W5-combat,fight-card,false,https://site.api.espn.com/apis/site/v2/leagues/dropdown?region=us&lang=en&sport=mma,https://site.api.espn.com/apis/site/v2/sports/mma/strikeforce/scoreboard,,,,directory-only,requires-validation,https://site.api.espn.com/apis/site/v2/sports/mma/strikeforce/summary?event={providerEventId},not-tested,https://site.api.espn.com/apis/site/v2/sports/mma/strikeforce/teams,not-established,https://site.api.espn.com/apis/v2/sports/mma/strikeforce/standings,not-established,
mma,Titan Fighting Championships,tfc,espn:mma:tfc,W5-combat,fight-card,false,https://site.api.espn.com/apis/site/v2/leagues/dropdown?region=us&lang=en&sport=mma,https://site.api.espn.com/apis/site/v2/sports/mma/tfc/scoreboard,,,,directory-only,requires-validation,https://site.api.espn.com/apis/site/v2/sports/mma/tfc/summary?event={providerEventId},not-tested,https://site.api.espn.com/apis/site/v2/sports/mma/tfc/teams,not-established,https://site.api.espn.com/apis/v2/sports/mma/tfc/standings,not-established,
mma,Tachi Palace Fights,tpf,espn:mma:tpf,W5-combat,fight-card,false,https://site.api.espn.com/apis/site/v2/leagues/dropdown?region=us&lang=en&sport=mma,https://site.api.espn.com/apis/site/v2/sports/mma/tpf/scoreboard,,,,directory-only,requires-validation,https://site.api.espn.com/apis/site/v2/sports/mma/tpf/summary?event={providerEventId},not-tested,https://site.api.espn.com/apis/site/v2/sports/mma/tpf/teams,not-established,https://site.api.espn.com/apis/v2/sports/mma/tpf/standings,not-established,
mma,Victory Fighting Championship,vfc,espn:mma:vfc,W5-combat,fight-card,false,https://site.api.espn.com/apis/site/v2/leagues/dropdown?region=us&lang=en&sport=mma,https://site.api.espn.com/apis/site/v2/sports/mma/vfc/scoreboard,,,,directory-only,requires-validation,https://site.api.espn.com/apis/site/v2/sports/mma/vfc/summary?event={providerEventId},not-tested,https://site.api.espn.com/apis/site/v2/sports/mma/vfc/teams,not-established,https://site.api.espn.com/apis/v2/sports/mma/vfc/standings,not-established,
mma,World Extreme Cagefighting,wec,espn:mma:wec,W5-combat,fight-card,false,https://site.api.espn.com/apis/site/v2/leagues/dropdown?region=us&lang=en&sport=mma,https://site.api.espn.com/apis/site/v2/sports/mma/wec/scoreboard,,,,directory-only,requires-validation,https://site.api.espn.com/apis/site/v2/sports/mma/wec/summary?event={providerEventId},not-tested,https://site.api.espn.com/apis/site/v2/sports/mma/wec/teams,not-established,https://site.api.espn.com/apis/v2/sports/mma/wec/standings,not-established,
mma,Xtreme Fighting Championships,xfc,espn:mma:xfc,W5-combat,fight-card,false,https://site.api.espn.com/apis/site/v2/leagues/dropdown?region=us&lang=en&sport=mma,https://site.api.espn.com/apis/site/v2/sports/mma/xfc/scoreboard,,,,directory-only,requires-validation,https://site.api.espn.com/apis/site/v2/sports/mma/xfc/summary?event={providerEventId},not-tested,https://site.api.espn.com/apis/site/v2/sports/mma/xfc/teams,not-established,https://site.api.espn.com/apis/v2/sports/mma/xfc/standings,not-established,
racing,NASCAR O'Reilly Auto Parts Series,nascar-secondary,espn:racing:nascar-secondary,W5-racing,race-session,false,https://site.api.espn.com/apis/site/v2/leagues/dropdown?region=us&lang=en&sport=racing,https://site.api.espn.com/apis/site/v2/sports/racing/nascar-secondary/scoreboard,202610030788,2026-10-03T23:30Z,provider-samples/racing--nascar-secondary.json,sample-returned,requires-validation,https://site.api.espn.com/apis/site/v2/sports/racing/nascar-secondary/summary?event=202610030788,not-tested,https://site.api.espn.com/apis/site/v2/sports/racing/nascar-secondary/teams,not-established,https://site.api.espn.com/apis/v2/sports/racing/nascar-secondary/standings,not-established,Sample has no competitors; schedule availability is not leaderboard/result availability
racing,NASCAR Truck Series,nascar-truck,espn:racing:nascar-truck,W5-racing,race-session,false,https://site.api.espn.com/apis/site/v2/leagues/dropdown?region=us&lang=en&sport=racing,https://site.api.espn.com/apis/site/v2/sports/racing/nascar-truck/scoreboard,202609260412,2026-09-26T17:00Z,provider-samples/racing--nascar-truck.json,sample-returned,requires-validation,https://site.api.espn.com/apis/site/v2/sports/racing/nascar-truck/summary?event=202609260412,not-tested,https://site.api.espn.com/apis/site/v2/sports/racing/nascar-truck/teams,not-established,https://site.api.espn.com/apis/v2/sports/racing/nascar-truck/standings,not-established,Sample has no competitors; schedule availability is not leaderboard/result availability
rugby,British and Irish Lions Tour,268565,espn:rugby:268565,W2-team-and-soccer,team-match,false,https://site.api.espn.com/apis/site/v2/leagues/dropdown?region=us&lang=en&sport=rugby,https://site.api.espn.com/apis/site/v2/sports/rugby/268565/scoreboard,,,,directory-only,requires-validation,https://site.api.espn.com/apis/site/v2/sports/rugby/268565/summary?event={providerEventId},not-tested,https://site.api.espn.com/apis/site/v2/sports/rugby/268565/teams,not-established,https://site.api.espn.com/apis/v2/sports/rugby/268565/standings,not-established,
rugby,The Rugby Championship,244293,espn:rugby:244293,W2-team-and-soccer,team-match,false,https://site.api.espn.com/apis/site/v2/leagues/dropdown?region=us&lang=en&sport=rugby,https://site.api.espn.com/apis/site/v2/sports/rugby/244293/scoreboard,603128,2025-10-04T10:05Z,provider-samples/rugby--244293.json,sample-returned,requires-validation,https://site.api.espn.com/apis/site/v2/sports/rugby/244293/summary?event=603128,200,https://site.api.espn.com/apis/site/v2/sports/rugby/244293/teams,4,https://site.api.espn.com/apis/v2/sports/rugby/244293/standings,True,Returned event predates 2026; validate current coverage or legitimate tournament cycle
rugby,European Rugby Champions Cup,271937,espn:rugby:271937,W2-team-and-soccer,team-match,false,https://site.api.espn.com/apis/site/v2/leagues/dropdown?region=us&lang=en&sport=rugby,https://site.api.espn.com/apis/site/v2/sports/rugby/271937/scoreboard,604246,2026-10-16T19:00Z,provider-samples/rugby--271937.json,sample-returned,requires-validation,https://site.api.espn.com/apis/site/v2/sports/rugby/271937/summary?event=604246,not-tested,https://site.api.espn.com/apis/site/v2/sports/rugby/271937/teams,not-established,https://site.api.espn.com/apis/v2/sports/rugby/271937/standings,not-established,
rugby,European Rugby Challenge Cup,272073,espn:rugby:272073,W2-team-and-soccer,team-match,false,https://site.api.espn.com/apis/site/v2/leagues/dropdown?region=us&lang=en&sport=rugby,https://site.api.espn.com/apis/site/v2/sports/rugby/272073/scoreboard,,,,directory-only,requires-validation,https://site.api.espn.com/apis/site/v2/sports/rugby/272073/summary?event={providerEventId},not-tested,https://site.api.espn.com/apis/site/v2/sports/rugby/272073/teams,not-established,https://site.api.espn.com/apis/v2/sports/rugby/272073/standings,not-established,
rugby,United Rugby Championship,270557,espn:rugby:270557,W2-team-and-soccer,team-match,false,https://site.api.espn.com/apis/site/v2/leagues/dropdown?region=us&lang=en&sport=rugby,https://site.api.espn.com/apis/site/v2/sports/rugby/270557/scoreboard,604032,2026-09-25T18:45Z,provider-samples/rugby--270557.json,sample-returned,requires-validation,https://site.api.espn.com/apis/site/v2/sports/rugby/270557/summary?event=604032,not-tested,https://site.api.espn.com/apis/site/v2/sports/rugby/270557/teams,not-established,https://site.api.espn.com/apis/v2/sports/rugby/270557/standings,not-established,
rugby,URBA Primera A,2009,espn:rugby:2009,W2-team-and-soccer,team-match,false,https://site.api.espn.com/apis/site/v2/leagues/dropdown?region=us&lang=en&sport=rugby,https://site.api.espn.com/apis/site/v2/sports/rugby/2009/scoreboard,,,,directory-only,requires-validation,https://site.api.espn.com/apis/site/v2/sports/rugby/2009/summary?event={providerEventId},not-tested,https://site.api.espn.com/apis/site/v2/sports/rugby/2009/teams,not-established,https://site.api.espn.com/apis/v2/sports/rugby/2009/standings,not-established,
rugby,Nations Championship,17567,espn:rugby:17567,W2-team-and-soccer,team-match,false,https://site.api.espn.com/apis/site/v2/leagues/dropdown?region=us&lang=en&sport=rugby,https://site.api.espn.com/apis/site/v2/sports/rugby/17567/scoreboard,,,,directory-only,requires-validation,https://site.api.espn.com/apis/site/v2/sports/rugby/17567/summary?event={providerEventId},not-tested,https://site.api.espn.com/apis/site/v2/sports/rugby/17567/teams,not-established,https://site.api.espn.com/apis/v2/sports/rugby/17567/standings,not-established,
rugby,URBA Top 14,289279,espn:rugby:289279,W2-team-and-soccer,team-match,false,https://site.api.espn.com/apis/site/v2/leagues/dropdown?region=us&lang=en&sport=rugby,https://site.api.espn.com/apis/site/v2/sports/rugby/289279/scoreboard,,,,directory-only,requires-validation,https://site.api.espn.com/apis/site/v2/sports/rugby/289279/summary?event={providerEventId},not-tested,https://site.api.espn.com/apis/site/v2/sports/rugby/289279/teams,not-established,https://site.api.espn.com/apis/v2/sports/rugby/289279/standings,not-established,
rugby,Mitre 10 Cup,270563,espn:rugby:270563,W2-team-and-soccer,team-match,false,https://site.api.espn.com/apis/site/v2/leagues/dropdown?region=us&lang=en&sport=rugby,https://site.api.espn.com/apis/site/v2/sports/rugby/270563/scoreboard,,,,directory-only,requires-validation,https://site.api.espn.com/apis/site/v2/sports/rugby/270563/summary?event={providerEventId},not-tested,https://site.api.espn.com/apis/site/v2/sports/rugby/270563/teams,not-established,https://site.api.espn.com/apis/v2/sports/rugby/270563/standings,not-established,
rugby,Olympic Men's 7s,282,espn:rugby:282,W2-team-and-soccer,team-match,false,https://site.api.espn.com/apis/site/v2/leagues/dropdown?region=us&lang=en&sport=rugby,https://site.api.espn.com/apis/site/v2/sports/rugby/282/scoreboard,,,,directory-only,requires-validation,https://site.api.espn.com/apis/site/v2/sports/rugby/282/summary?event={providerEventId},not-tested,https://site.api.espn.com/apis/site/v2/sports/rugby/282/teams,not-established,https://site.api.espn.com/apis/v2/sports/rugby/282/standings,not-established,
rugby,Olympic Women's Rugby Sevens,283,espn:rugby:283,W2-team-and-soccer,team-match,false,https://site.api.espn.com/apis/site/v2/leagues/dropdown?region=us&lang=en&sport=rugby,https://site.api.espn.com/apis/site/v2/sports/rugby/283/scoreboard,,,,directory-only,requires-validation,https://site.api.espn.com/apis/site/v2/sports/rugby/283/summary?event={providerEventId},not-tested,https://site.api.espn.com/apis/site/v2/sports/rugby/283/teams,not-established,https://site.api.espn.com/apis/v2/sports/rugby/283/standings,not-established,
rugby,Women's Rugby World Cup,289237,espn:rugby:289237,W2-team-and-soccer,team-match,false,https://site.api.espn.com/apis/site/v2/leagues/dropdown?region=us&lang=en&sport=rugby,https://site.api.espn.com/apis/site/v2/sports/rugby/289237/scoreboard,600494,2025-09-27T11:30Z,provider-samples/rugby--289237.json,sample-returned,requires-validation,https://site.api.espn.com/apis/site/v2/sports/rugby/289237/summary?event=600494,not-tested,https://site.api.espn.com/apis/site/v2/sports/rugby/289237/teams,not-established,https://site.api.espn.com/apis/v2/sports/rugby/289237/standings,not-established,Returned event predates 2026; validate current coverage or legitimate tournament cycle
rugby,Major League Rugby,289262,espn:rugby:289262,W2-team-and-soccer,team-match,false,https://site.api.espn.com/apis/site/v2/leagues/dropdown?region=us&lang=en&sport=rugby,https://site.api.espn.com/apis/site/v2/sports/rugby/289262/scoreboard,604201,2026-06-21T23:30Z,provider-samples/rugby--289262.json,sample-returned,requires-validation,https://site.api.espn.com/apis/site/v2/sports/rugby/289262/summary?event=604201,not-tested,https://site.api.espn.com/apis/site/v2/sports/rugby/289262/teams,not-established,https://site.api.espn.com/apis/v2/sports/rugby/289262/standings,not-established,
rugby,International Test Match,289234,espn:rugby:289234,W2-team-and-soccer,team-match,false,https://site.api.espn.com/apis/site/v2/leagues/dropdown?region=us&lang=en&sport=rugby,https://site.api.espn.com/apis/site/v2/sports/rugby/289234/scoreboard,,,,directory-only,requires-validation,https://site.api.espn.com/apis/site/v2/sports/rugby/289234/summary?event={providerEventId},not-tested,https://site.api.espn.com/apis/site/v2/sports/rugby/289234/teams,not-established,https://site.api.espn.com/apis/v2/sports/rugby/289234/standings,not-established,
soccer,English FA Cup,eng.fa,espn:soccer:eng.fa,W2-team-and-soccer,team-match,false,https://site.api.espn.com/apis/site/v2/leagues/dropdown?region=us&lang=en&sport=soccer,https://site.api.espn.com/apis/site/v2/sports/soccer/eng.fa/scoreboard,401867655,2026-05-16T14:00Z,provider-samples/soccer--eng.fa.json,sample-returned,requires-validation,https://site.api.espn.com/apis/site/v2/sports/soccer/eng.fa/summary?event=401867655,200,https://site.api.espn.com/apis/site/v2/sports/soccer/eng.fa/teams,124,https://site.api.espn.com/apis/v2/sports/soccer/eng.fa/standings,False,
soccer,English Carabao Cup,eng.league_cup,espn:soccer:eng.league_cup,W2-team-and-soccer,team-match,false,https://site.api.espn.com/apis/site/v2/leagues/dropdown?region=us&lang=en&sport=soccer,https://site.api.espn.com/apis/site/v2/sports/soccer/eng.league_cup/scoreboard,401914260,2026-09-17T18:30Z,provider-samples/soccer--eng.league_cup.json,sample-returned,requires-validation,https://site.api.espn.com/apis/site/v2/sports/soccer/eng.league_cup/summary?event=401914260,not-tested,https://site.api.espn.com/apis/site/v2/sports/soccer/eng.league_cup/teams,not-established,https://site.api.espn.com/apis/v2/sports/soccer/eng.league_cup/standings,not-established,
soccer,English FA Community Shield,eng.charity,espn:soccer:eng.charity,W2-team-and-soccer,team-match,false,https://site.api.espn.com/apis/site/v2/leagues/dropdown?region=us&lang=en&sport=soccer,https://site.api.espn.com/apis/site/v2/sports/soccer/eng.charity/scoreboard,,,,directory-only,requires-validation,https://site.api.espn.com/apis/site/v2/sports/soccer/eng.charity/summary?event={providerEventId},not-tested,https://site.api.espn.com/apis/site/v2/sports/soccer/eng.charity/teams,not-established,https://site.api.espn.com/apis/v2/sports/soccer/eng.charity/standings,not-established,
soccer,UEFA Nations League,uefa.nations,espn:soccer:uefa.nations,W2-team-and-soccer,team-match,false,https://site.api.espn.com/apis/site/v2/leagues/dropdown?region=us&lang=en&sport=soccer,https://site.api.espn.com/apis/site/v2/sports/soccer/uefa.nations/scoreboard,,,,directory-only,requires-validation,https://site.api.espn.com/apis/site/v2/sports/soccer/uefa.nations/summary?event={providerEventId},not-tested,https://site.api.espn.com/apis/site/v2/sports/soccer/uefa.nations/teams,not-established,https://site.api.espn.com/apis/v2/sports/soccer/uefa.nations/standings,not-established,
soccer,International Friendly,fifa.friendly,espn:soccer:fifa.friendly,W2-team-and-soccer,team-match,false,https://site.api.espn.com/apis/site/v2/leagues/dropdown?region=us&lang=en&sport=soccer,https://site.api.espn.com/apis/site/v2/sports/soccer/fifa.friendly/scoreboard,,,,directory-only,requires-validation,https://site.api.espn.com/apis/site/v2/sports/soccer/fifa.friendly/summary?event={providerEventId},not-tested,https://site.api.espn.com/apis/site/v2/sports/soccer/fifa.friendly/teams,not-established,https://site.api.espn.com/apis/v2/sports/soccer/fifa.friendly/standings,not-established,
soccer,Spanish Supercopa,esp.super_cup,espn:soccer:esp.super_cup,W2-team-and-soccer,team-match,false,https://site.api.espn.com/apis/site/v2/leagues/dropdown?region=us&lang=en&sport=soccer,https://site.api.espn.com/apis/site/v2/sports/soccer/esp.super_cup/scoreboard,,,,directory-only,requires-validation,https://site.api.espn.com/apis/site/v2/sports/soccer/esp.super_cup/summary?event={providerEventId},not-tested,https://site.api.espn.com/apis/site/v2/sports/soccer/esp.super_cup/teams,not-established,https://site.api.espn.com/apis/v2/sports/soccer/esp.super_cup/standings,not-established,
soccer,Spanish Copa del Rey,esp.copa_del_rey,espn:soccer:esp.copa_del_rey,W2-team-and-soccer,team-match,false,https://site.api.espn.com/apis/site/v2/leagues/dropdown?region=us&lang=en&sport=soccer,https://site.api.espn.com/apis/site/v2/sports/soccer/esp.copa_del_rey/scoreboard,,,,directory-only,requires-validation,https://site.api.espn.com/apis/site/v2/sports/soccer/esp.copa_del_rey/summary?event={providerEventId},not-tested,https://site.api.espn.com/apis/site/v2/sports/soccer/esp.copa_del_rey/teams,not-established,https://site.api.espn.com/apis/v2/sports/soccer/esp.copa_del_rey/standings,not-established,
soccer,Leagues Cup,concacaf.leagues.cup,espn:soccer:concacaf.leagues.cup,W2-team-and-soccer,team-match,false,https://site.api.espn.com/apis/site/v2/leagues/dropdown?region=us&lang=en&sport=soccer,https://site.api.espn.com/apis/site/v2/sports/soccer/concacaf.leagues.cup/scoreboard,,,,directory-only,requires-validation,https://site.api.espn.com/apis/site/v2/sports/soccer/concacaf.leagues.cup/summary?event={providerEventId},not-tested,https://site.api.espn.com/apis/site/v2/sports/soccer/concacaf.leagues.cup/teams,not-established,https://site.api.espn.com/apis/v2/sports/soccer/concacaf.leagues.cup/standings,not-established,
soccer,Campeones Cup,campeones.cup,espn:soccer:campeones.cup,W2-team-and-soccer,team-match,false,https://site.api.espn.com/apis/site/v2/leagues/dropdown?region=us&lang=en&sport=soccer,https://site.api.espn.com/apis/site/v2/sports/soccer/campeones.cup/scoreboard,,,,directory-only,requires-validation,https://site.api.espn.com/apis/site/v2/sports/soccer/campeones.cup/summary?event={providerEventId},not-tested,https://site.api.espn.com/apis/site/v2/sports/soccer/campeones.cup/teams,not-established,https://site.api.espn.com/apis/v2/sports/soccer/campeones.cup/standings,not-established,
soccer,SheBelieves Cup,fifa.shebelieves,espn:soccer:fifa.shebelieves,W2-team-and-soccer,team-match,false,https://site.api.espn.com/apis/site/v2/leagues/dropdown?region=us&lang=en&sport=soccer,https://site.api.espn.com/apis/site/v2/sports/soccer/fifa.shebelieves/scoreboard,,,,directory-only,requires-validation,https://site.api.espn.com/apis/site/v2/sports/soccer/fifa.shebelieves/summary?event={providerEventId},not-tested,https://site.api.espn.com/apis/site/v2/sports/soccer/fifa.shebelieves/teams,not-established,https://site.api.espn.com/apis/v2/sports/soccer/fifa.shebelieves/standings,not-established,
soccer,FIFA Women's Champions Cup,fifa.w.champions_cup,espn:soccer:fifa.w.champions_cup,W2-team-and-soccer,team-match,false,https://site.api.espn.com/apis/site/v2/leagues/dropdown?region=us&lang=en&sport=soccer,https://site.api.espn.com/apis/site/v2/sports/soccer/fifa.w.champions_cup/scoreboard,,,,directory-only,requires-validation,https://site.api.espn.com/apis/site/v2/sports/soccer/fifa.w.champions_cup/summary?event={providerEventId},not-tested,https://site.api.espn.com/apis/site/v2/sports/soccer/fifa.w.champions_cup/teams,not-established,https://site.api.espn.com/apis/v2/sports/soccer/fifa.w.champions_cup/standings,not-established,
soccer,UEFA Women's Champions League,uefa.wchampions,espn:soccer:uefa.wchampions,W2-team-and-soccer,team-match,false,https://site.api.espn.com/apis/site/v2/leagues/dropdown?region=us&lang=en&sport=soccer,https://site.api.espn.com/apis/site/v2/sports/soccer/uefa.wchampions/scoreboard,401917013,2026-09-23T16:45Z,provider-samples/soccer--uefa.wchampions.json,sample-returned,requires-validation,https://site.api.espn.com/apis/site/v2/sports/soccer/uefa.wchampions/summary?event=401917013,not-tested,https://site.api.espn.com/apis/site/v2/sports/soccer/uefa.wchampions/teams,not-established,https://site.api.espn.com/apis/v2/sports/soccer/uefa.wchampions/standings,not-established,
soccer,German Bundesliga Promotion/Relegation Playoff,ger.playoff.relegation,espn:soccer:ger.playoff.relegation,W2-team-and-soccer,team-match,false,https://site.api.espn.com/apis/site/v2/leagues/dropdown?region=us&lang=en&sport=soccer,https://site.api.espn.com/apis/site/v2/sports/soccer/ger.playoff.relegation/scoreboard,,,,directory-only,requires-validation,https://site.api.espn.com/apis/site/v2/sports/soccer/ger.playoff.relegation/summary?event={providerEventId},not-tested,https://site.api.espn.com/apis/site/v2/sports/soccer/ger.playoff.relegation/teams,not-established,https://site.api.espn.com/apis/v2/sports/soccer/ger.playoff.relegation/standings,not-established,
soccer,German Cup,ger.dfb_pokal,espn:soccer:ger.dfb_pokal,W2-team-and-soccer,team-match,false,https://site.api.espn.com/apis/site/v2/leagues/dropdown?region=us&lang=en&sport=soccer,https://site.api.espn.com/apis/site/v2/sports/soccer/ger.dfb_pokal/scoreboard,,,,directory-only,requires-validation,https://site.api.espn.com/apis/site/v2/sports/soccer/ger.dfb_pokal/summary?event={providerEventId},not-tested,https://site.api.espn.com/apis/site/v2/sports/soccer/ger.dfb_pokal/teams,not-established,https://site.api.espn.com/apis/v2/sports/soccer/ger.dfb_pokal/standings,not-established,
soccer,Coppa Italia,ita.coppa_italia,espn:soccer:ita.coppa_italia,W2-team-and-soccer,team-match,false,https://site.api.espn.com/apis/site/v2/leagues/dropdown?region=us&lang=en&sport=soccer,https://site.api.espn.com/apis/site/v2/sports/soccer/ita.coppa_italia/scoreboard,,,,directory-only,requires-validation,https://site.api.espn.com/apis/site/v2/sports/soccer/ita.coppa_italia/summary?event={providerEventId},not-tested,https://site.api.espn.com/apis/site/v2/sports/soccer/ita.coppa_italia/teams,not-established,https://site.api.espn.com/apis/v2/sports/soccer/ita.coppa_italia/standings,not-established,
soccer,French Trophee des Champions,fra.super_cup,espn:soccer:fra.super_cup,W2-team-and-soccer,team-match,false,https://site.api.espn.com/apis/site/v2/leagues/dropdown?region=us&lang=en&sport=soccer,https://site.api.espn.com/apis/site/v2/sports/soccer/fra.super_cup/scoreboard,,,,directory-only,requires-validation,https://site.api.espn.com/apis/site/v2/sports/soccer/fra.super_cup/summary?event={providerEventId},not-tested,https://site.api.espn.com/apis/site/v2/sports/soccer/fra.super_cup/teams,not-established,https://site.api.espn.com/apis/v2/sports/soccer/fra.super_cup/standings,not-established,
soccer,Italian Supercoppa,ita.super_cup,espn:soccer:ita.super_cup,W2-team-and-soccer,team-match,false,https://site.api.espn.com/apis/site/v2/leagues/dropdown?region=us&lang=en&sport=soccer,https://site.api.espn.com/apis/site/v2/sports/soccer/ita.super_cup/scoreboard,,,,directory-only,requires-validation,https://site.api.espn.com/apis/site/v2/sports/soccer/ita.super_cup/summary?event={providerEventId},not-tested,https://site.api.espn.com/apis/site/v2/sports/soccer/ita.super_cup/teams,not-established,https://site.api.espn.com/apis/v2/sports/soccer/ita.super_cup/standings,not-established,
soccer,German Supercup,ger.super_cup,espn:soccer:ger.super_cup,W2-team-and-soccer,team-match,false,https://site.api.espn.com/apis/site/v2/leagues/dropdown?region=us&lang=en&sport=soccer,https://site.api.espn.com/apis/site/v2/sports/soccer/ger.super_cup/scoreboard,,,,directory-only,requires-validation,https://site.api.espn.com/apis/site/v2/sports/soccer/ger.super_cup/summary?event={providerEventId},not-tested,https://site.api.espn.com/apis/site/v2/sports/soccer/ger.super_cup/teams,not-established,https://site.api.espn.com/apis/v2/sports/soccer/ger.super_cup/standings,not-established,
soccer,English Women's Super League,eng.w.1,espn:soccer:eng.w.1,W2-team-and-soccer,team-match,false,https://site.api.espn.com/apis/site/v2/leagues/dropdown?region=us&lang=en&sport=soccer,https://site.api.espn.com/apis/site/v2/sports/soccer/eng.w.1/scoreboard,401902907,2026-09-26T12:30Z,provider-samples/soccer--eng.w.1.json,sample-returned,requires-validation,https://site.api.espn.com/apis/site/v2/sports/soccer/eng.w.1/summary?event=401902907,not-tested,https://site.api.espn.com/apis/site/v2/sports/soccer/eng.w.1/teams,not-established,https://site.api.espn.com/apis/v2/sports/soccer/eng.w.1/standings,not-established,
soccer,English Women's Super League Promotion/Relegation Playoff,eng.w.promotion.relegation,espn:soccer:eng.w.promotion.relegation,W2-team-and-soccer,team-match,false,https://site.api.espn.com/apis/site/v2/leagues/dropdown?region=us&lang=en&sport=soccer,https://site.api.espn.com/apis/site/v2/sports/soccer/eng.w.promotion.relegation/scoreboard,,,,directory-only,requires-validation,https://site.api.espn.com/apis/site/v2/sports/soccer/eng.w.promotion.relegation/summary?event={providerEventId},not-tested,https://site.api.espn.com/apis/site/v2/sports/soccer/eng.w.promotion.relegation/teams,not-established,https://site.api.espn.com/apis/v2/sports/soccer/eng.w.promotion.relegation/standings,not-established,
soccer,Coupe de France,fra.coupe_de_france,espn:soccer:fra.coupe_de_france,W2-team-and-soccer,team-match,false,https://site.api.espn.com/apis/site/v2/leagues/dropdown?region=us&lang=en&sport=soccer,https://site.api.espn.com/apis/site/v2/sports/soccer/fra.coupe_de_france/scoreboard,,,,directory-only,requires-validation,https://site.api.espn.com/apis/site/v2/sports/soccer/fra.coupe_de_france/summary?event={providerEventId},not-tested,https://site.api.espn.com/apis/site/v2/sports/soccer/fra.coupe_de_france/teams,not-established,https://site.api.espn.com/apis/v2/sports/soccer/fra.coupe_de_france/standings,not-established,
soccer,U.S. Open Cup,usa.open,espn:soccer:usa.open,W2-team-and-soccer,team-match,false,https://site.api.espn.com/apis/site/v2/leagues/dropdown?region=us&lang=en&sport=soccer,https://site.api.espn.com/apis/site/v2/sports/soccer/usa.open/scoreboard,,,,directory-only,requires-validation,https://site.api.espn.com/apis/site/v2/sports/soccer/usa.open/summary?event={providerEventId},not-tested,https://site.api.espn.com/apis/site/v2/sports/soccer/usa.open/teams,not-established,https://site.api.espn.com/apis/v2/sports/soccer/usa.open/standings,not-established,
soccer,Saudi Pro League,ksa.1,espn:soccer:ksa.1,W2-team-and-soccer,team-match,false,https://site.api.espn.com/apis/site/v2/leagues/dropdown?region=us&lang=en&sport=soccer,https://site.api.espn.com/apis/site/v2/sports/soccer/ksa.1/scoreboard,,,,directory-only,requires-validation,https://site.api.espn.com/apis/site/v2/sports/soccer/ksa.1/summary?event={providerEventId},not-tested,https://site.api.espn.com/apis/site/v2/sports/soccer/ksa.1/teams,not-established,https://site.api.espn.com/apis/v2/sports/soccer/ksa.1/standings,not-established,
soccer,Concacaf Nations League,concacaf.nations.league,espn:soccer:concacaf.nations.league,W2-team-and-soccer,team-match,false,https://site.api.espn.com/apis/site/v2/leagues/dropdown?region=us&lang=en&sport=soccer,https://site.api.espn.com/apis/site/v2/sports/soccer/concacaf.nations.league/scoreboard,,,,directory-only,requires-validation,https://site.api.espn.com/apis/site/v2/sports/soccer/concacaf.nations.league/summary?event={providerEventId},not-tested,https://site.api.espn.com/apis/site/v2/sports/soccer/concacaf.nations.league/teams,not-established,https://site.api.espn.com/apis/v2/sports/soccer/concacaf.nations.league/standings,not-established,
soccer,CONMEBOL Libertadores,conmebol.libertadores,espn:soccer:conmebol.libertadores,W2-team-and-soccer,team-match,false,https://site.api.espn.com/apis/site/v2/leagues/dropdown?region=us&lang=en&sport=soccer,https://site.api.espn.com/apis/site/v2/sports/soccer/conmebol.libertadores/scoreboard,401912526,2026-09-18T00:30Z,provider-samples/soccer--conmebol.libertadores.json,sample-returned,requires-validation,https://site.api.espn.com/apis/site/v2/sports/soccer/conmebol.libertadores/summary?event=401912526,not-tested,https://site.api.espn.com/apis/site/v2/sports/soccer/conmebol.libertadores/teams,not-established,https://site.api.espn.com/apis/v2/sports/soccer/conmebol.libertadores/standings,not-established,
soccer,Concacaf Champions Cup,concacaf.champions,espn:soccer:concacaf.champions,W2-team-and-soccer,team-match,false,https://site.api.espn.com/apis/site/v2/leagues/dropdown?region=us&lang=en&sport=soccer,https://site.api.espn.com/apis/site/v2/sports/soccer/concacaf.champions/scoreboard,,,,directory-only,requires-validation,https://site.api.espn.com/apis/site/v2/sports/soccer/concacaf.champions/summary?event={providerEventId},not-tested,https://site.api.espn.com/apis/site/v2/sports/soccer/concacaf.champions/teams,not-established,https://site.api.espn.com/apis/v2/sports/soccer/concacaf.champions/standings,not-established,
soccer,FIFA World Cup Qualifying - UEFA,fifa.worldq.uefa,espn:soccer:fifa.worldq.uefa,W2-team-and-soccer,team-match,false,https://site.api.espn.com/apis/site/v2/leagues/dropdown?region=us&lang=en&sport=soccer,https://site.api.espn.com/apis/site/v2/sports/soccer/fifa.worldq.uefa/scoreboard,761952,2026-03-31T18:45Z,provider-samples/soccer--fifa.worldq.uefa.json,sample-returned,requires-validation,https://site.api.espn.com/apis/site/v2/sports/soccer/fifa.worldq.uefa/summary?event=761952,not-tested,https://site.api.espn.com/apis/site/v2/sports/soccer/fifa.worldq.uefa/teams,not-established,https://site.api.espn.com/apis/v2/sports/soccer/fifa.worldq.uefa/standings,not-established,
soccer,FIFA World Cup Qualifying - Playoff Tournament,fifa.wcq.ply,espn:soccer:fifa.wcq.ply,W2-team-and-soccer,team-match,false,https://site.api.espn.com/apis/site/v2/leagues/dropdown?region=us&lang=en&sport=soccer,https://site.api.espn.com/apis/site/v2/sports/soccer/fifa.wcq.ply/scoreboard,,,,directory-only,requires-validation,https://site.api.espn.com/apis/site/v2/sports/soccer/fifa.wcq.ply/summary?event={providerEventId},not-tested,https://site.api.espn.com/apis/site/v2/sports/soccer/fifa.wcq.ply/teams,not-established,https://site.api.espn.com/apis/v2/sports/soccer/fifa.wcq.ply/standings,not-established,
soccer,FIFA World Cup Qualifying - Concacaf,fifa.worldq.concacaf,espn:soccer:fifa.worldq.concacaf,W2-team-and-soccer,team-match,false,https://site.api.espn.com/apis/site/v2/leagues/dropdown?region=us&lang=en&sport=soccer,https://site.api.espn.com/apis/site/v2/sports/soccer/fifa.worldq.concacaf/scoreboard,,,,directory-only,requires-validation,https://site.api.espn.com/apis/site/v2/sports/soccer/fifa.worldq.concacaf/summary?event={providerEventId},not-tested,https://site.api.espn.com/apis/site/v2/sports/soccer/fifa.worldq.concacaf/teams,not-established,https://site.api.espn.com/apis/v2/sports/soccer/fifa.worldq.concacaf/standings,not-established,
soccer,FIFA World Cup Qualifying - AFC,fifa.worldq.afc,espn:soccer:fifa.worldq.afc,W2-team-and-soccer,team-match,false,https://site.api.espn.com/apis/site/v2/leagues/dropdown?region=us&lang=en&sport=soccer,https://site.api.espn.com/apis/site/v2/sports/soccer/fifa.worldq.afc/scoreboard,,,,directory-only,requires-validation,https://site.api.espn.com/apis/site/v2/sports/soccer/fifa.worldq.afc/summary?event={providerEventId},not-tested,https://site.api.espn.com/apis/site/v2/sports/soccer/fifa.worldq.afc/teams,not-established,https://site.api.espn.com/apis/v2/sports/soccer/fifa.worldq.afc/standings,not-established,
soccer,FIFA World Cup Qualifying - CAF,fifa.worldq.caf,espn:soccer:fifa.worldq.caf,W2-team-and-soccer,team-match,false,https://site.api.espn.com/apis/site/v2/leagues/dropdown?region=us&lang=en&sport=soccer,https://site.api.espn.com/apis/site/v2/sports/soccer/fifa.worldq.caf/scoreboard,,,,directory-only,requires-validation,https://site.api.espn.com/apis/site/v2/sports/soccer/fifa.worldq.caf/summary?event={providerEventId},not-tested,https://site.api.espn.com/apis/site/v2/sports/soccer/fifa.worldq.caf/teams,not-established,https://site.api.espn.com/apis/v2/sports/soccer/fifa.worldq.caf/standings,not-established,
soccer,FIFA World Cup Qualifying - CONMEBOL,fifa.worldq.conmebol,espn:soccer:fifa.worldq.conmebol,W2-team-and-soccer,team-match,false,https://site.api.espn.com/apis/site/v2/leagues/dropdown?region=us&lang=en&sport=soccer,https://site.api.espn.com/apis/site/v2/sports/soccer/fifa.worldq.conmebol/scoreboard,,,,directory-only,requires-validation,https://site.api.espn.com/apis/site/v2/sports/soccer/fifa.worldq.conmebol/summary?event={providerEventId},not-tested,https://site.api.espn.com/apis/site/v2/sports/soccer/fifa.worldq.conmebol/teams,not-established,https://site.api.espn.com/apis/v2/sports/soccer/fifa.worldq.conmebol/standings,not-established,
soccer,FIFA World Cup Qualifying - OFC,fifa.worldq.ofc,espn:soccer:fifa.worldq.ofc,W2-team-and-soccer,team-match,false,https://site.api.espn.com/apis/site/v2/leagues/dropdown?region=us&lang=en&sport=soccer,https://site.api.espn.com/apis/site/v2/sports/soccer/fifa.worldq.ofc/scoreboard,,,,directory-only,requires-validation,https://site.api.espn.com/apis/site/v2/sports/soccer/fifa.worldq.ofc/summary?event={providerEventId},not-tested,https://site.api.espn.com/apis/site/v2/sports/soccer/fifa.worldq.ofc/teams,not-established,https://site.api.espn.com/apis/v2/sports/soccer/fifa.worldq.ofc/standings,not-established,
soccer,Women's International Friendly,fifa.friendly.w,espn:soccer:fifa.friendly.w,W2-team-and-soccer,team-match,false,https://site.api.espn.com/apis/site/v2/leagues/dropdown?region=us&lang=en&sport=soccer,https://site.api.espn.com/apis/site/v2/sports/soccer/fifa.friendly.w/scoreboard,,,,directory-only,requires-validation,https://site.api.espn.com/apis/site/v2/sports/soccer/fifa.friendly.w/summary?event={providerEventId},not-tested,https://site.api.espn.com/apis/site/v2/sports/soccer/fifa.friendly.w/teams,not-established,https://site.api.espn.com/apis/v2/sports/soccer/fifa.friendly.w/standings,not-established,
soccer,FIFA Women's World Cup Qualifying - UEFA,fifa.wworldq.uefa,espn:soccer:fifa.wworldq.uefa,W2-team-and-soccer,team-match,false,https://site.api.espn.com/apis/site/v2/leagues/dropdown?region=us&lang=en&sport=soccer,https://site.api.espn.com/apis/site/v2/sports/soccer/fifa.wworldq.uefa/scoreboard,,,,directory-only,requires-validation,https://site.api.espn.com/apis/site/v2/sports/soccer/fifa.wworldq.uefa/summary?event={providerEventId},not-tested,https://site.api.espn.com/apis/site/v2/sports/soccer/fifa.wworldq.uefa/teams,not-established,https://site.api.espn.com/apis/v2/sports/soccer/fifa.wworldq.uefa/standings,not-established,
soccer,FIFA Women's World Cup Qualifying - Playoff Tournament,fifa.wwcq.ply,espn:soccer:fifa.wwcq.ply,W2-team-and-soccer,team-match,false,https://site.api.espn.com/apis/site/v2/leagues/dropdown?region=us&lang=en&sport=soccer,https://site.api.espn.com/apis/site/v2/sports/soccer/fifa.wwcq.ply/scoreboard,,,,directory-only,requires-validation,https://site.api.espn.com/apis/site/v2/sports/soccer/fifa.wwcq.ply/summary?event={providerEventId},not-tested,https://site.api.espn.com/apis/site/v2/sports/soccer/fifa.wwcq.ply/teams,not-established,https://site.api.espn.com/apis/v2/sports/soccer/fifa.wwcq.ply/standings,not-established,
soccer,UEFA Women's Nations League,uefa.w.nations,espn:soccer:uefa.w.nations,W2-team-and-soccer,team-match,false,https://site.api.espn.com/apis/site/v2/leagues/dropdown?region=us&lang=en&sport=soccer,https://site.api.espn.com/apis/site/v2/sports/soccer/uefa.w.nations/scoreboard,,,,directory-only,requires-validation,https://site.api.espn.com/apis/site/v2/sports/soccer/uefa.w.nations/summary?event={providerEventId},not-tested,https://site.api.espn.com/apis/site/v2/sports/soccer/uefa.w.nations/teams,not-established,https://site.api.espn.com/apis/v2/sports/soccer/uefa.w.nations/standings,not-established,
soccer,USL Super League,usa.w.usl.1,espn:soccer:usa.w.usl.1,W2-team-and-soccer,team-match,false,https://site.api.espn.com/apis/site/v2/leagues/dropdown?region=us&lang=en&sport=soccer,https://site.api.espn.com/apis/site/v2/sports/soccer/usa.w.usl.1/scoreboard,,,,directory-only,requires-validation,https://site.api.espn.com/apis/site/v2/sports/soccer/usa.w.usl.1/summary?event={providerEventId},not-tested,https://site.api.espn.com/apis/site/v2/sports/soccer/usa.w.usl.1/teams,not-established,https://site.api.espn.com/apis/v2/sports/soccer/usa.w.usl.1/standings,not-established,
soccer,UEFA Champions League Qualifying,uefa.champions_qual,espn:soccer:uefa.champions_qual,W2-team-and-soccer,team-match,false,https://site.api.espn.com/apis/site/v2/leagues/dropdown?region=us&lang=en&sport=soccer,https://site.api.espn.com/apis/site/v2/sports/soccer/uefa.champions_qual/scoreboard,,,,directory-only,requires-validation,https://site.api.espn.com/apis/site/v2/sports/soccer/uefa.champions_qual/summary?event={providerEventId},not-tested,https://site.api.espn.com/apis/site/v2/sports/soccer/uefa.champions_qual/teams,not-established,https://site.api.espn.com/apis/v2/sports/soccer/uefa.champions_qual/standings,not-established,
soccer,UEFA Women's Champions League Qualifying,uefa.wchampions_qual,espn:soccer:uefa.wchampions_qual,W2-team-and-soccer,team-match,false,https://site.api.espn.com/apis/site/v2/leagues/dropdown?region=us&lang=en&sport=soccer,https://site.api.espn.com/apis/site/v2/sports/soccer/uefa.wchampions_qual/scoreboard,,,,directory-only,requires-validation,https://site.api.espn.com/apis/site/v2/sports/soccer/uefa.wchampions_qual/summary?event={providerEventId},not-tested,https://site.api.espn.com/apis/site/v2/sports/soccer/uefa.wchampions_qual/teams,not-established,https://site.api.espn.com/apis/v2/sports/soccer/uefa.wchampions_qual/standings,not-established,
soccer,English Women's FA Cup,eng.w.fa,espn:soccer:eng.w.fa,W2-team-and-soccer,team-match,false,https://site.api.espn.com/apis/site/v2/leagues/dropdown?region=us&lang=en&sport=soccer,https://site.api.espn.com/apis/site/v2/sports/soccer/eng.w.fa/scoreboard,,,,directory-only,requires-validation,https://site.api.espn.com/apis/site/v2/sports/soccer/eng.w.fa/summary?event={providerEventId},not-tested,https://site.api.espn.com/apis/site/v2/sports/soccer/eng.w.fa/teams,not-established,https://site.api.espn.com/apis/v2/sports/soccer/eng.w.fa/standings,not-established,
soccer,English WSL Players Cup,eng.w.league_cup,espn:soccer:eng.w.league_cup,W2-team-and-soccer,team-match,false,https://site.api.espn.com/apis/site/v2/leagues/dropdown?region=us&lang=en&sport=soccer,https://site.api.espn.com/apis/site/v2/sports/soccer/eng.w.league_cup/scoreboard,,,,directory-only,requires-validation,https://site.api.espn.com/apis/site/v2/sports/soccer/eng.w.league_cup/summary?event={providerEventId},not-tested,https://site.api.espn.com/apis/site/v2/sports/soccer/eng.w.league_cup/teams,not-established,https://site.api.espn.com/apis/v2/sports/soccer/eng.w.league_cup/standings,not-established,
soccer,Spanish Liga F,esp.w.1,espn:soccer:esp.w.1,W2-team-and-soccer,team-match,false,https://site.api.espn.com/apis/site/v2/leagues/dropdown?region=us&lang=en&sport=soccer,https://site.api.espn.com/apis/site/v2/sports/soccer/esp.w.1/scoreboard,,,,directory-only,requires-validation,https://site.api.espn.com/apis/site/v2/sports/soccer/esp.w.1/summary?event={providerEventId},not-tested,https://site.api.espn.com/apis/site/v2/sports/soccer/esp.w.1/teams,not-established,https://site.api.espn.com/apis/v2/sports/soccer/esp.w.1/standings,not-established,
soccer,Spanish Copa de la Reina,esp.copa_de_la_reina,espn:soccer:esp.copa_de_la_reina,W2-team-and-soccer,team-match,false,https://site.api.espn.com/apis/site/v2/leagues/dropdown?region=us&lang=en&sport=soccer,https://site.api.espn.com/apis/site/v2/sports/soccer/esp.copa_de_la_reina/scoreboard,,,,directory-only,requires-validation,https://site.api.espn.com/apis/site/v2/sports/soccer/esp.copa_de_la_reina/summary?event={providerEventId},not-tested,https://site.api.espn.com/apis/site/v2/sports/soccer/esp.copa_de_la_reina/teams,not-established,https://site.api.espn.com/apis/v2/sports/soccer/esp.copa_de_la_reina/standings,not-established,
soccer,French Première Ligue,fra.w.1,espn:soccer:fra.w.1,W2-team-and-soccer,team-match,false,https://site.api.espn.com/apis/site/v2/leagues/dropdown?region=us&lang=en&sport=soccer,https://site.api.espn.com/apis/site/v2/sports/soccer/fra.w.1/scoreboard,,,,directory-only,requires-validation,https://site.api.espn.com/apis/site/v2/sports/soccer/fra.w.1/summary?event={providerEventId},not-tested,https://site.api.espn.com/apis/site/v2/sports/soccer/fra.w.1/teams,not-established,https://site.api.espn.com/apis/v2/sports/soccer/fra.w.1/standings,not-established,
soccer,Dutch KNVB Beker,ned.cup,espn:soccer:ned.cup,W2-team-and-soccer,team-match,false,https://site.api.espn.com/apis/site/v2/leagues/dropdown?region=us&lang=en&sport=soccer,https://site.api.espn.com/apis/site/v2/sports/soccer/ned.cup/scoreboard,,,,directory-only,requires-validation,https://site.api.espn.com/apis/site/v2/sports/soccer/ned.cup/summary?event={providerEventId},not-tested,https://site.api.espn.com/apis/site/v2/sports/soccer/ned.cup/teams,not-established,https://site.api.espn.com/apis/v2/sports/soccer/ned.cup/standings,not-established,
soccer,Scottish Premiership,sco.1,espn:soccer:sco.1,W2-team-and-soccer,team-match,false,https://site.api.espn.com/apis/site/v2/leagues/dropdown?region=us&lang=en&sport=soccer,https://site.api.espn.com/apis/site/v2/sports/soccer/sco.1/scoreboard,,,,directory-only,requires-validation,https://site.api.espn.com/apis/site/v2/sports/soccer/sco.1/summary?event={providerEventId},not-tested,https://site.api.espn.com/apis/site/v2/sports/soccer/sco.1/teams,not-established,https://site.api.espn.com/apis/v2/sports/soccer/sco.1/standings,not-established,
soccer,Scottish Cup,sco.tennents,espn:soccer:sco.tennents,W2-team-and-soccer,team-match,false,https://site.api.espn.com/apis/site/v2/leagues/dropdown?region=us&lang=en&sport=soccer,https://site.api.espn.com/apis/site/v2/sports/soccer/sco.tennents/scoreboard,,,,directory-only,requires-validation,https://site.api.espn.com/apis/site/v2/sports/soccer/sco.tennents/summary?event={providerEventId},not-tested,https://site.api.espn.com/apis/site/v2/sports/soccer/sco.tennents/teams,not-established,https://site.api.espn.com/apis/v2/sports/soccer/sco.tennents/standings,not-established,
soccer,Scottish League Cup,sco.cis,espn:soccer:sco.cis,W2-team-and-soccer,team-match,false,https://site.api.espn.com/apis/site/v2/leagues/dropdown?region=us&lang=en&sport=soccer,https://site.api.espn.com/apis/site/v2/sports/soccer/sco.cis/scoreboard,,,,directory-only,requires-validation,https://site.api.espn.com/apis/site/v2/sports/soccer/sco.cis/summary?event={providerEventId},not-tested,https://site.api.espn.com/apis/site/v2/sports/soccer/sco.cis/teams,not-established,https://site.api.espn.com/apis/v2/sports/soccer/sco.cis/standings,not-established,
soccer,Australian A-League Men,aus.1,espn:soccer:aus.1,W2-team-and-soccer,team-match,false,https://site.api.espn.com/apis/site/v2/leagues/dropdown?region=us&lang=en&sport=soccer,https://site.api.espn.com/apis/site/v2/sports/soccer/aus.1/scoreboard,,,,directory-only,requires-validation,https://site.api.espn.com/apis/site/v2/sports/soccer/aus.1/summary?event={providerEventId},not-tested,https://site.api.espn.com/apis/site/v2/sports/soccer/aus.1/teams,not-established,https://site.api.espn.com/apis/v2/sports/soccer/aus.1/standings,not-established,
soccer,Australian A-League Women,aus.w.1,espn:soccer:aus.w.1,W2-team-and-soccer,team-match,false,https://site.api.espn.com/apis/site/v2/leagues/dropdown?region=us&lang=en&sport=soccer,https://site.api.espn.com/apis/site/v2/sports/soccer/aus.w.1/scoreboard,,,,directory-only,requires-validation,https://site.api.espn.com/apis/site/v2/sports/soccer/aus.w.1/summary?event={providerEventId},not-tested,https://site.api.espn.com/apis/site/v2/sports/soccer/aus.w.1/teams,not-established,https://site.api.espn.com/apis/v2/sports/soccer/aus.w.1/standings,not-established,
soccer,Saudi King's Cup,ksa.kings.cup,espn:soccer:ksa.kings.cup,W2-team-and-soccer,team-match,false,https://site.api.espn.com/apis/site/v2/leagues/dropdown?region=us&lang=en&sport=soccer,https://site.api.espn.com/apis/site/v2/sports/soccer/ksa.kings.cup/scoreboard,,,,directory-only,requires-validation,https://site.api.espn.com/apis/site/v2/sports/soccer/ksa.kings.cup/summary?event={providerEventId},not-tested,https://site.api.espn.com/apis/site/v2/sports/soccer/ksa.kings.cup/teams,not-established,https://site.api.espn.com/apis/v2/sports/soccer/ksa.kings.cup/standings,not-established,
soccer,Taca de Portugal,por.taca.portugal,espn:soccer:por.taca.portugal,W2-team-and-soccer,team-match,false,https://site.api.espn.com/apis/site/v2/leagues/dropdown?region=us&lang=en&sport=soccer,https://site.api.espn.com/apis/site/v2/sports/soccer/por.taca.portugal/scoreboard,,,,directory-only,requires-validation,https://site.api.espn.com/apis/site/v2/sports/soccer/por.taca.portugal/summary?event={providerEventId},not-tested,https://site.api.espn.com/apis/site/v2/sports/soccer/por.taca.portugal/teams,not-established,https://site.api.espn.com/apis/v2/sports/soccer/por.taca.portugal/standings,not-established,
soccer,Turkish Super Lig,tur.1,espn:soccer:tur.1,W2-team-and-soccer,team-match,false,https://site.api.espn.com/apis/site/v2/leagues/dropdown?region=us&lang=en&sport=soccer,https://site.api.espn.com/apis/site/v2/sports/soccer/tur.1/scoreboard,,,,directory-only,requires-validation,https://site.api.espn.com/apis/site/v2/sports/soccer/tur.1/summary?event={providerEventId},not-tested,https://site.api.espn.com/apis/site/v2/sports/soccer/tur.1/teams,not-established,https://site.api.espn.com/apis/v2/sports/soccer/tur.1/standings,not-established,
soccer,Africa Cup of Nations,caf.nations,espn:soccer:caf.nations,W2-team-and-soccer,team-match,false,https://site.api.espn.com/apis/site/v2/leagues/dropdown?region=us&lang=en&sport=soccer,https://site.api.espn.com/apis/site/v2/sports/soccer/caf.nations/scoreboard,,,,directory-only,requires-validation,https://site.api.espn.com/apis/site/v2/sports/soccer/caf.nations/summary?event={providerEventId},not-tested,https://site.api.espn.com/apis/site/v2/sports/soccer/caf.nations/teams,not-established,https://site.api.espn.com/apis/v2/sports/soccer/caf.nations/standings,not-established,
soccer,AFC Champions League Elite,afc.champions,espn:soccer:afc.champions,W2-team-and-soccer,team-match,false,https://site.api.espn.com/apis/site/v2/leagues/dropdown?region=us&lang=en&sport=soccer,https://site.api.espn.com/apis/site/v2/sports/soccer/afc.champions/scoreboard,,,,directory-only,requires-validation,https://site.api.espn.com/apis/site/v2/sports/soccer/afc.champions/summary?event={providerEventId},not-tested,https://site.api.espn.com/apis/site/v2/sports/soccer/afc.champions/teams,not-established,https://site.api.espn.com/apis/v2/sports/soccer/afc.champions/standings,not-established,
soccer,Africa Cup of Nations Qualifying,caf.nations_qual,espn:soccer:caf.nations_qual,W2-team-and-soccer,team-match,false,https://site.api.espn.com/apis/site/v2/leagues/dropdown?region=us&lang=en&sport=soccer,https://site.api.espn.com/apis/site/v2/sports/soccer/caf.nations_qual/scoreboard,,,,directory-only,requires-validation,https://site.api.espn.com/apis/site/v2/sports/soccer/caf.nations_qual/summary?event={providerEventId},not-tested,https://site.api.espn.com/apis/site/v2/sports/soccer/caf.nations_qual/teams,not-established,https://site.api.espn.com/apis/v2/sports/soccer/caf.nations_qual/standings,not-established,
soccer,AFC Champions League Two,afc.cup,espn:soccer:afc.cup,W2-team-and-soccer,team-match,false,https://site.api.espn.com/apis/site/v2/leagues/dropdown?region=us&lang=en&sport=soccer,https://site.api.espn.com/apis/site/v2/sports/soccer/afc.cup/scoreboard,,,,directory-only,requires-validation,https://site.api.espn.com/apis/site/v2/sports/soccer/afc.cup/summary?event={providerEventId},not-tested,https://site.api.espn.com/apis/site/v2/sports/soccer/afc.cup/teams,not-established,https://site.api.espn.com/apis/v2/sports/soccer/afc.cup/standings,not-established,
soccer,FIFA Club World Cup,fifa.cwc,espn:soccer:fifa.cwc,W2-team-and-soccer,team-match,false,https://site.api.espn.com/apis/site/v2/leagues/dropdown?region=us&lang=en&sport=soccer,https://site.api.espn.com/apis/site/v2/sports/soccer/fifa.cwc/scoreboard,,,,directory-only,requires-validation,https://site.api.espn.com/apis/site/v2/sports/soccer/fifa.cwc/summary?event={providerEventId},not-tested,https://site.api.espn.com/apis/site/v2/sports/soccer/fifa.cwc/teams,not-established,https://site.api.espn.com/apis/v2/sports/soccer/fifa.cwc/standings,not-established,
soccer,Men's Olympic Soccer Tournament,fifa.olympics,espn:soccer:fifa.olympics,W2-team-and-soccer,team-match,false,https://site.api.espn.com/apis/site/v2/leagues/dropdown?region=us&lang=en&sport=soccer,https://site.api.espn.com/apis/site/v2/sports/soccer/fifa.olympics/scoreboard,,,,directory-only,requires-validation,https://site.api.espn.com/apis/site/v2/sports/soccer/fifa.olympics/summary?event={providerEventId},not-tested,https://site.api.espn.com/apis/site/v2/sports/soccer/fifa.olympics/teams,not-established,https://site.api.espn.com/apis/v2/sports/soccer/fifa.olympics/standings,not-established,
soccer,Women's Olympic Soccer Tournament,fifa.w.olympics,espn:soccer:fifa.w.olympics,W2-team-and-soccer,team-match,false,https://site.api.espn.com/apis/site/v2/leagues/dropdown?region=us&lang=en&sport=soccer,https://site.api.espn.com/apis/site/v2/sports/soccer/fifa.w.olympics/scoreboard,,,,directory-only,requires-validation,https://site.api.espn.com/apis/site/v2/sports/soccer/fifa.w.olympics/summary?event={providerEventId},not-tested,https://site.api.espn.com/apis/site/v2/sports/soccer/fifa.w.olympics/teams,not-established,https://site.api.espn.com/apis/v2/sports/soccer/fifa.w.olympics/standings,not-established,
soccer,Concacaf Gold Cup,concacaf.gold,espn:soccer:concacaf.gold,W2-team-and-soccer,team-match,false,https://site.api.espn.com/apis/site/v2/leagues/dropdown?region=us&lang=en&sport=soccer,https://site.api.espn.com/apis/site/v2/sports/soccer/concacaf.gold/scoreboard,,,,directory-only,requires-validation,https://site.api.espn.com/apis/site/v2/sports/soccer/concacaf.gold/summary?event={providerEventId},not-tested,https://site.api.espn.com/apis/site/v2/sports/soccer/concacaf.gold/teams,not-established,https://site.api.espn.com/apis/v2/sports/soccer/concacaf.gold/standings,not-established,
soccer,Concacaf Gold Cup Qualifying,concacaf.gold_qual,espn:soccer:concacaf.gold_qual,W2-team-and-soccer,team-match,false,https://site.api.espn.com/apis/site/v2/leagues/dropdown?region=us&lang=en&sport=soccer,https://site.api.espn.com/apis/site/v2/sports/soccer/concacaf.gold_qual/scoreboard,,,,directory-only,requires-validation,https://site.api.espn.com/apis/site/v2/sports/soccer/concacaf.gold_qual/summary?event={providerEventId},not-tested,https://site.api.espn.com/apis/site/v2/sports/soccer/concacaf.gold_qual/teams,not-established,https://site.api.espn.com/apis/v2/sports/soccer/concacaf.gold_qual/standings,not-established,
soccer,Concacaf W Gold Cup,concacaf.w.gold,espn:soccer:concacaf.w.gold,W2-team-and-soccer,team-match,false,https://site.api.espn.com/apis/site/v2/leagues/dropdown?region=us&lang=en&sport=soccer,https://site.api.espn.com/apis/site/v2/sports/soccer/concacaf.w.gold/scoreboard,,,,directory-only,requires-validation,https://site.api.espn.com/apis/site/v2/sports/soccer/concacaf.w.gold/summary?event={providerEventId},not-tested,https://site.api.espn.com/apis/site/v2/sports/soccer/concacaf.w.gold/teams,not-established,https://site.api.espn.com/apis/v2/sports/soccer/concacaf.w.gold/standings,not-established,
soccer,Concacaf Cup,concacaf.confederations_playoff,espn:soccer:concacaf.confederations_playoff,W2-team-and-soccer,team-match,false,https://site.api.espn.com/apis/site/v2/leagues/dropdown?region=us&lang=en&sport=soccer,https://site.api.espn.com/apis/site/v2/sports/soccer/concacaf.confederations_playoff/scoreboard,,,,directory-only,requires-validation,https://site.api.espn.com/apis/site/v2/sports/soccer/concacaf.confederations_playoff/summary?event={providerEventId},not-tested,https://site.api.espn.com/apis/site/v2/sports/soccer/concacaf.confederations_playoff/teams,not-established,https://site.api.espn.com/apis/v2/sports/soccer/concacaf.confederations_playoff/standings,not-established,
soccer,Concacaf W Champions Cup,concacaf.w.champions_cup,espn:soccer:concacaf.w.champions_cup,W2-team-and-soccer,team-match,false,https://site.api.espn.com/apis/site/v2/leagues/dropdown?region=us&lang=en&sport=soccer,https://site.api.espn.com/apis/site/v2/sports/soccer/concacaf.w.champions_cup/scoreboard,,,,directory-only,requires-validation,https://site.api.espn.com/apis/site/v2/sports/soccer/concacaf.w.champions_cup/summary?event={providerEventId},not-tested,https://site.api.espn.com/apis/site/v2/sports/soccer/concacaf.w.champions_cup/teams,not-established,https://site.api.espn.com/apis/v2/sports/soccer/concacaf.w.champions_cup/standings,not-established,
soccer,Concacaf W Championship,concacaf.womens.championship,espn:soccer:concacaf.womens.championship,W2-team-and-soccer,team-match,false,https://site.api.espn.com/apis/site/v2/leagues/dropdown?region=us&lang=en&sport=soccer,https://site.api.espn.com/apis/site/v2/sports/soccer/concacaf.womens.championship/scoreboard,,,,directory-only,requires-validation,https://site.api.espn.com/apis/site/v2/sports/soccer/concacaf.womens.championship/summary?event={providerEventId},not-tested,https://site.api.espn.com/apis/site/v2/sports/soccer/concacaf.womens.championship/teams,not-established,https://site.api.espn.com/apis/v2/sports/soccer/concacaf.womens.championship/standings,not-established,
soccer,UEFA European Championship,uefa.euro,espn:soccer:uefa.euro,W2-team-and-soccer,team-match,false,https://site.api.espn.com/apis/site/v2/leagues/dropdown?region=us&lang=en&sport=soccer,https://site.api.espn.com/apis/site/v2/sports/soccer/uefa.euro/scoreboard,703945,2024-07-14T19:00Z,provider-samples/soccer--uefa.euro.json,sample-returned,requires-validation,https://site.api.espn.com/apis/site/v2/sports/soccer/uefa.euro/summary?event=703945,not-tested,https://site.api.espn.com/apis/site/v2/sports/soccer/uefa.euro/teams,not-established,https://site.api.espn.com/apis/v2/sports/soccer/uefa.euro/standings,not-established,Returned event predates 2026; validate current coverage or legitimate tournament cycle
soccer,UEFA European Championship Qualifying,uefa.euroq,espn:soccer:uefa.euroq,W2-team-and-soccer,team-match,false,https://site.api.espn.com/apis/site/v2/leagues/dropdown?region=us&lang=en&sport=soccer,https://site.api.espn.com/apis/site/v2/sports/soccer/uefa.euroq/scoreboard,,,,directory-only,requires-validation,https://site.api.espn.com/apis/site/v2/sports/soccer/uefa.euroq/summary?event={providerEventId},not-tested,https://site.api.espn.com/apis/site/v2/sports/soccer/uefa.euroq/teams,not-established,https://site.api.espn.com/apis/v2/sports/soccer/uefa.euroq/standings,not-established,
soccer,UEFA Women's European Championship,uefa.weuro,espn:soccer:uefa.weuro,W2-team-and-soccer,team-match,false,https://site.api.espn.com/apis/site/v2/leagues/dropdown?region=us&lang=en&sport=soccer,https://site.api.espn.com/apis/site/v2/sports/soccer/uefa.weuro/scoreboard,,,,directory-only,requires-validation,https://site.api.espn.com/apis/site/v2/sports/soccer/uefa.weuro/summary?event={providerEventId},not-tested,https://site.api.espn.com/apis/site/v2/sports/soccer/uefa.weuro/teams,not-established,https://site.api.espn.com/apis/v2/sports/soccer/uefa.weuro/standings,not-established,
soccer,UEFA European Under-21 Championship,uefa.euro_u21,espn:soccer:uefa.euro_u21,W2-team-and-soccer,team-match,false,https://site.api.espn.com/apis/site/v2/leagues/dropdown?region=us&lang=en&sport=soccer,https://site.api.espn.com/apis/site/v2/sports/soccer/uefa.euro_u21/scoreboard,,,,directory-only,requires-validation,https://site.api.espn.com/apis/site/v2/sports/soccer/uefa.euro_u21/summary?event={providerEventId},not-tested,https://site.api.espn.com/apis/site/v2/sports/soccer/uefa.euro_u21/teams,not-established,https://site.api.espn.com/apis/v2/sports/soccer/uefa.euro_u21/standings,not-established,
soccer,UEFA Super Cup,uefa.super_cup,espn:soccer:uefa.super_cup,W2-team-and-soccer,team-match,false,https://site.api.espn.com/apis/site/v2/leagues/dropdown?region=us&lang=en&sport=soccer,https://site.api.espn.com/apis/site/v2/sports/soccer/uefa.super_cup/scoreboard,,,,directory-only,requires-validation,https://site.api.espn.com/apis/site/v2/sports/soccer/uefa.super_cup/summary?event={providerEventId},not-tested,https://site.api.espn.com/apis/site/v2/sports/soccer/uefa.super_cup/teams,not-established,https://site.api.espn.com/apis/v2/sports/soccer/uefa.super_cup/standings,not-established,
soccer,Copa América,conmebol.america,espn:soccer:conmebol.america,W2-team-and-soccer,team-match,false,https://site.api.espn.com/apis/site/v2/leagues/dropdown?region=us&lang=en&sport=soccer,https://site.api.espn.com/apis/site/v2/sports/soccer/conmebol.america/scoreboard,,,,directory-only,requires-validation,https://site.api.espn.com/apis/site/v2/sports/soccer/conmebol.america/summary?event={providerEventId},not-tested,https://site.api.espn.com/apis/site/v2/sports/soccer/conmebol.america/teams,not-established,https://site.api.espn.com/apis/v2/sports/soccer/conmebol.america/standings,not-established,
soccer,Copa América Femenina,conmebol.america.femenina,espn:soccer:conmebol.america.femenina,W2-team-and-soccer,team-match,false,https://site.api.espn.com/apis/site/v2/leagues/dropdown?region=us&lang=en&sport=soccer,https://site.api.espn.com/apis/site/v2/sports/soccer/conmebol.america.femenina/scoreboard,,,,directory-only,requires-validation,https://site.api.espn.com/apis/site/v2/sports/soccer/conmebol.america.femenina/summary?event={providerEventId},not-tested,https://site.api.espn.com/apis/site/v2/sports/soccer/conmebol.america.femenina/teams,not-established,https://site.api.espn.com/apis/v2/sports/soccer/conmebol.america.femenina/standings,not-established,
soccer,USL Championship,usa.usl.1,espn:soccer:usa.usl.1,W2-team-and-soccer,team-match,false,https://site.api.espn.com/apis/site/v2/leagues/dropdown?region=us&lang=en&sport=soccer,https://site.api.espn.com/apis/site/v2/sports/soccer/usa.usl.1/scoreboard,401842249,2026-09-25T23:00Z,provider-samples/soccer--usa.usl.1.json,sample-returned,requires-validation,https://site.api.espn.com/apis/site/v2/sports/soccer/usa.usl.1/summary?event=401842249,not-tested,https://site.api.espn.com/apis/site/v2/sports/soccer/usa.usl.1/teams,not-established,https://site.api.espn.com/apis/v2/sports/soccer/usa.usl.1/standings,not-established,
soccer,USL League One,usa.usl.l1,espn:soccer:usa.usl.l1,W2-team-and-soccer,team-match,false,https://site.api.espn.com/apis/site/v2/leagues/dropdown?region=us&lang=en&sport=soccer,https://site.api.espn.com/apis/site/v2/sports/soccer/usa.usl.l1/scoreboard,,,,directory-only,requires-validation,https://site.api.espn.com/apis/site/v2/sports/soccer/usa.usl.l1/summary?event={providerEventId},not-tested,https://site.api.espn.com/apis/site/v2/sports/soccer/usa.usl.l1/teams,not-established,https://site.api.espn.com/apis/v2/sports/soccer/usa.usl.l1/standings,not-established,
soccer,USL Cup,usa.usl.l1.cup,espn:soccer:usa.usl.l1.cup,W2-team-and-soccer,team-match,false,https://site.api.espn.com/apis/site/v2/leagues/dropdown?region=us&lang=en&sport=soccer,https://site.api.espn.com/apis/site/v2/sports/soccer/usa.usl.l1.cup/scoreboard,,,,directory-only,requires-validation,https://site.api.espn.com/apis/site/v2/sports/soccer/usa.usl.l1.cup/summary?event={providerEventId},not-tested,https://site.api.espn.com/apis/site/v2/sports/soccer/usa.usl.l1.cup/teams,not-established,https://site.api.espn.com/apis/v2/sports/soccer/usa.usl.l1.cup/standings,not-established,
soccer,Mexican Liga de Expansión MX,mex.2,espn:soccer:mex.2,W2-team-and-soccer,team-match,false,https://site.api.espn.com/apis/site/v2/leagues/dropdown?region=us&lang=en&sport=soccer,https://site.api.espn.com/apis/site/v2/sports/soccer/mex.2/scoreboard,,,,directory-only,requires-validation,https://site.api.espn.com/apis/site/v2/sports/soccer/mex.2/summary?event={providerEventId},not-tested,https://site.api.espn.com/apis/site/v2/sports/soccer/mex.2/teams,not-established,https://site.api.espn.com/apis/v2/sports/soccer/mex.2/standings,not-established,
soccer,CONMEBOL-UEFA Cup of Champions,global.finalissima,espn:soccer:global.finalissima,W2-team-and-soccer,team-match,false,https://site.api.espn.com/apis/site/v2/leagues/dropdown?region=us&lang=en&sport=soccer,https://site.api.espn.com/apis/site/v2/sports/soccer/global.finalissima/scoreboard,,,,directory-only,requires-validation,https://site.api.espn.com/apis/site/v2/sports/soccer/global.finalissima/summary?event={providerEventId},not-tested,https://site.api.espn.com/apis/site/v2/sports/soccer/global.finalissima/teams,not-established,https://site.api.espn.com/apis/v2/sports/soccer/global.finalissima/standings,not-established,
soccer,CONMEBOL-UEFA U20 Intercontinental Cup,global.u20.intercontinental_cup,espn:soccer:global.u20.intercontinental_cup,W2-team-and-soccer,team-match,false,https://site.api.espn.com/apis/site/v2/leagues/dropdown?region=us&lang=en&sport=soccer,https://site.api.espn.com/apis/site/v2/sports/soccer/global.u20.intercontinental_cup/scoreboard,,,,directory-only,requires-validation,https://site.api.espn.com/apis/site/v2/sports/soccer/global.u20.intercontinental_cup/summary?event={providerEventId},not-tested,https://site.api.espn.com/apis/site/v2/sports/soccer/global.u20.intercontinental_cup/teams,not-established,https://site.api.espn.com/apis/v2/sports/soccer/global.u20.intercontinental_cup/standings,not-established,
soccer,CONMEBOL-UEFA Women's Cup of Champions,global.w.finalissima,espn:soccer:global.w.finalissima,W2-team-and-soccer,team-match,false,https://site.api.espn.com/apis/site/v2/leagues/dropdown?region=us&lang=en&sport=soccer,https://site.api.espn.com/apis/site/v2/sports/soccer/global.w.finalissima/scoreboard,,,,directory-only,requires-validation,https://site.api.espn.com/apis/site/v2/sports/soccer/global.w.finalissima/summary?event={providerEventId},not-tested,https://site.api.espn.com/apis/site/v2/sports/soccer/global.w.finalissima/teams,not-established,https://site.api.espn.com/apis/v2/sports/soccer/global.w.finalissima/standings,not-established,
soccer,FIFA Under-20 World Cup,fifa.world.u20,espn:soccer:fifa.world.u20,W2-team-and-soccer,team-match,false,https://site.api.espn.com/apis/site/v2/leagues/dropdown?region=us&lang=en&sport=soccer,https://site.api.espn.com/apis/site/v2/sports/soccer/fifa.world.u20/scoreboard,,,,directory-only,requires-validation,https://site.api.espn.com/apis/site/v2/sports/soccer/fifa.world.u20/summary?event={providerEventId},not-tested,https://site.api.espn.com/apis/site/v2/sports/soccer/fifa.world.u20/teams,not-established,https://site.api.espn.com/apis/v2/sports/soccer/fifa.world.u20/standings,not-established,
soccer,AFC Asian Cup,afc.asian.cup,espn:soccer:afc.asian.cup,W2-team-and-soccer,team-match,false,https://site.api.espn.com/apis/site/v2/leagues/dropdown?region=us&lang=en&sport=soccer,https://site.api.espn.com/apis/site/v2/sports/soccer/afc.asian.cup/scoreboard,,,,directory-only,requires-validation,https://site.api.espn.com/apis/site/v2/sports/soccer/afc.asian.cup/summary?event={providerEventId},not-tested,https://site.api.espn.com/apis/site/v2/sports/soccer/afc.asian.cup/teams,not-established,https://site.api.espn.com/apis/v2/sports/soccer/afc.asian.cup/standings,not-established,
soccer,AFC Women's Asian Cup,afc.w.asian.cup,espn:soccer:afc.w.asian.cup,W2-team-and-soccer,team-match,false,https://site.api.espn.com/apis/site/v2/leagues/dropdown?region=us&lang=en&sport=soccer,https://site.api.espn.com/apis/site/v2/sports/soccer/afc.w.asian.cup/scoreboard,,,,directory-only,requires-validation,https://site.api.espn.com/apis/site/v2/sports/soccer/afc.w.asian.cup/summary?event={providerEventId},not-tested,https://site.api.espn.com/apis/site/v2/sports/soccer/afc.w.asian.cup/teams,not-established,https://site.api.espn.com/apis/v2/sports/soccer/afc.w.asian.cup/standings,not-established,
soccer,AFC Asian Cup Qualifiers,afc.cupq,espn:soccer:afc.cupq,W2-team-and-soccer,team-match,false,https://site.api.espn.com/apis/site/v2/leagues/dropdown?region=us&lang=en&sport=soccer,https://site.api.espn.com/apis/site/v2/sports/soccer/afc.cupq/scoreboard,,,,directory-only,requires-validation,https://site.api.espn.com/apis/site/v2/sports/soccer/afc.cupq/summary?event={providerEventId},not-tested,https://site.api.espn.com/apis/site/v2/sports/soccer/afc.cupq/teams,not-established,https://site.api.espn.com/apis/v2/sports/soccer/afc.cupq/standings,not-established,
soccer,ASEAN Championship,aff.championship,espn:soccer:aff.championship,W2-team-and-soccer,team-match,false,https://site.api.espn.com/apis/site/v2/leagues/dropdown?region=us&lang=en&sport=soccer,https://site.api.espn.com/apis/site/v2/sports/soccer/aff.championship/scoreboard,,,,directory-only,requires-validation,https://site.api.espn.com/apis/site/v2/sports/soccer/aff.championship/summary?event={providerEventId},not-tested,https://site.api.espn.com/apis/site/v2/sports/soccer/aff.championship/teams,not-established,https://site.api.espn.com/apis/v2/sports/soccer/aff.championship/standings,not-established,
soccer,Women's Africa Cup of Nations,caf.w.nations,espn:soccer:caf.w.nations,W2-team-and-soccer,team-match,false,https://site.api.espn.com/apis/site/v2/leagues/dropdown?region=us&lang=en&sport=soccer,https://site.api.espn.com/apis/site/v2/sports/soccer/caf.w.nations/scoreboard,,,,directory-only,requires-validation,https://site.api.espn.com/apis/site/v2/sports/soccer/caf.w.nations/summary?event={providerEventId},not-tested,https://site.api.espn.com/apis/site/v2/sports/soccer/caf.w.nations/teams,not-established,https://site.api.espn.com/apis/v2/sports/soccer/caf.w.nations/standings,not-established,
soccer,African Nations Championship,caf.championship,espn:soccer:caf.championship,W2-team-and-soccer,team-match,false,https://site.api.espn.com/apis/site/v2/leagues/dropdown?region=us&lang=en&sport=soccer,https://site.api.espn.com/apis/site/v2/sports/soccer/caf.championship/scoreboard,,,,directory-only,requires-validation,https://site.api.espn.com/apis/site/v2/sports/soccer/caf.championship/summary?event={providerEventId},not-tested,https://site.api.espn.com/apis/site/v2/sports/soccer/caf.championship/teams,not-established,https://site.api.espn.com/apis/v2/sports/soccer/caf.championship/standings,not-established,
soccer,Northern Super League,can.w.nsl,espn:soccer:can.w.nsl,W2-team-and-soccer,team-match,false,https://site.api.espn.com/apis/site/v2/leagues/dropdown?region=us&lang=en&sport=soccer,https://site.api.espn.com/apis/site/v2/sports/soccer/can.w.nsl/scoreboard,,,,directory-only,requires-validation,https://site.api.espn.com/apis/site/v2/sports/soccer/can.w.nsl/summary?event={providerEventId},not-tested,https://site.api.espn.com/apis/site/v2/sports/soccer/can.w.nsl/teams,not-established,https://site.api.espn.com/apis/v2/sports/soccer/can.w.nsl/standings,not-established,
soccer,UEFA Europa League Qualifying,uefa.europa_qual,espn:soccer:uefa.europa_qual,W2-team-and-soccer,team-match,false,https://site.api.espn.com/apis/site/v2/leagues/dropdown?region=us&lang=en&sport=soccer,https://site.api.espn.com/apis/site/v2/sports/soccer/uefa.europa_qual/scoreboard,,,,directory-only,requires-validation,https://site.api.espn.com/apis/site/v2/sports/soccer/uefa.europa_qual/summary?event={providerEventId},not-tested,https://site.api.espn.com/apis/site/v2/sports/soccer/uefa.europa_qual/teams,not-established,https://site.api.espn.com/apis/v2/sports/soccer/uefa.europa_qual/standings,not-established,
soccer,UEFA Conference League Qualifying,uefa.europa.conf_qual,espn:soccer:uefa.europa.conf_qual,W2-team-and-soccer,team-match,false,https://site.api.espn.com/apis/site/v2/leagues/dropdown?region=us&lang=en&sport=soccer,https://site.api.espn.com/apis/site/v2/sports/soccer/uefa.europa.conf_qual/scoreboard,,,,directory-only,requires-validation,https://site.api.espn.com/apis/site/v2/sports/soccer/uefa.europa.conf_qual/summary?event={providerEventId},not-tested,https://site.api.espn.com/apis/site/v2/sports/soccer/uefa.europa.conf_qual/teams,not-established,https://site.api.espn.com/apis/v2/sports/soccer/uefa.europa.conf_qual/standings,not-established,
soccer,UEFA Women's Europa Cup,uefa.w.europa,espn:soccer:uefa.w.europa,W2-team-and-soccer,team-match,false,https://site.api.espn.com/apis/site/v2/leagues/dropdown?region=us&lang=en&sport=soccer,https://site.api.espn.com/apis/site/v2/sports/soccer/uefa.w.europa/scoreboard,,,,directory-only,requires-validation,https://site.api.espn.com/apis/site/v2/sports/soccer/uefa.w.europa/summary?event={providerEventId},not-tested,https://site.api.espn.com/apis/site/v2/sports/soccer/uefa.w.europa/teams,not-established,https://site.api.espn.com/apis/v2/sports/soccer/uefa.w.europa/standings,not-established,
soccer,FIFA Intercontinental Cup,fifa.intercontinental_cup,espn:soccer:fifa.intercontinental_cup,W2-team-and-soccer,team-match,false,https://site.api.espn.com/apis/site/v2/leagues/dropdown?region=us&lang=en&sport=soccer,https://site.api.espn.com/apis/site/v2/sports/soccer/fifa.intercontinental_cup/scoreboard,,,,directory-only,requires-validation,https://site.api.espn.com/apis/site/v2/sports/soccer/fifa.intercontinental_cup/summary?event={providerEventId},not-tested,https://site.api.espn.com/apis/site/v2/sports/soccer/fifa.intercontinental_cup/teams,not-established,https://site.api.espn.com/apis/v2/sports/soccer/fifa.intercontinental_cup/standings,not-established,
soccer,AFC Champions League Elite Qualifying,afc.champions_qual,espn:soccer:afc.champions_qual,W2-team-and-soccer,team-match,false,https://site.api.espn.com/apis/site/v2/leagues/dropdown?region=us&lang=en&sport=soccer,https://site.api.espn.com/apis/site/v2/sports/soccer/afc.champions_qual/scoreboard,,,,directory-only,requires-validation,https://site.api.espn.com/apis/site/v2/sports/soccer/afc.champions_qual/summary?event={providerEventId},not-tested,https://site.api.espn.com/apis/site/v2/sports/soccer/afc.champions_qual/teams,not-established,https://site.api.espn.com/apis/v2/sports/soccer/afc.champions_qual/standings,not-established,
soccer,AFC Champions League Two Qualifying,afc.cup_qual,espn:soccer:afc.cup_qual,W2-team-and-soccer,team-match,false,https://site.api.espn.com/apis/site/v2/leagues/dropdown?region=us&lang=en&sport=soccer,https://site.api.espn.com/apis/site/v2/sports/soccer/afc.cup_qual/scoreboard,,,,directory-only,requires-validation,https://site.api.espn.com/apis/site/v2/sports/soccer/afc.cup_qual/summary?event={providerEventId},not-tested,https://site.api.espn.com/apis/site/v2/sports/soccer/afc.cup_qual/teams,not-established,https://site.api.espn.com/apis/v2/sports/soccer/afc.cup_qual/standings,not-established,
soccer,Club Friendly,club.friendly,espn:soccer:club.friendly,W2-team-and-soccer,team-match,false,https://site.api.espn.com/apis/site/v2/leagues/dropdown?region=us&lang=en&sport=soccer,https://site.api.espn.com/apis/site/v2/sports/soccer/club.friendly/scoreboard,,,,directory-only,requires-validation,https://site.api.espn.com/apis/site/v2/sports/soccer/club.friendly/summary?event={providerEventId},not-tested,https://site.api.espn.com/apis/site/v2/sports/soccer/club.friendly/teams,not-established,https://site.api.espn.com/apis/v2/sports/soccer/club.friendly/standings,not-established,
soccer,Non-FIFA Friendly,nonfifa,espn:soccer:nonfifa,W2-team-and-soccer,team-match,false,https://site.api.espn.com/apis/site/v2/leagues/dropdown?region=us&lang=en&sport=soccer,https://site.api.espn.com/apis/site/v2/sports/soccer/nonfifa/scoreboard,,,,directory-only,requires-validation,https://site.api.espn.com/apis/site/v2/sports/soccer/nonfifa/summary?event={providerEventId},not-tested,https://site.api.espn.com/apis/site/v2/sports/soccer/nonfifa/teams,not-established,https://site.api.espn.com/apis/v2/sports/soccer/nonfifa/standings,not-established,
soccer,Russian Premier League,rus.1,espn:soccer:rus.1,W2-team-and-soccer,team-match,false,https://site.api.espn.com/apis/site/v2/leagues/dropdown?region=us&lang=en&sport=soccer,https://site.api.espn.com/apis/site/v2/sports/soccer/rus.1/scoreboard,,,,directory-only,requires-validation,https://site.api.espn.com/apis/site/v2/sports/soccer/rus.1/summary?event={providerEventId},not-tested,https://site.api.espn.com/apis/site/v2/sports/soccer/rus.1/teams,not-established,https://site.api.espn.com/apis/v2/sports/soccer/rus.1/standings,not-established,
soccer,Russian Premier League Relegation/Promotion Playoffs,rus.1.promotion.relegation,espn:soccer:rus.1.promotion.relegation,W2-team-and-soccer,team-match,false,https://site.api.espn.com/apis/site/v2/leagues/dropdown?region=us&lang=en&sport=soccer,https://site.api.espn.com/apis/site/v2/sports/soccer/rus.1.promotion.relegation/scoreboard,,,,directory-only,requires-validation,https://site.api.espn.com/apis/site/v2/sports/soccer/rus.1.promotion.relegation/summary?event={providerEventId},not-tested,https://site.api.espn.com/apis/site/v2/sports/soccer/rus.1.promotion.relegation/teams,not-established,https://site.api.espn.com/apis/v2/sports/soccer/rus.1.promotion.relegation/standings,not-established,
soccer,Belgian Pro League,bel.1,espn:soccer:bel.1,W2-team-and-soccer,team-match,false,https://site.api.espn.com/apis/site/v2/leagues/dropdown?region=us&lang=en&sport=soccer,https://site.api.espn.com/apis/site/v2/sports/soccer/bel.1/scoreboard,,,,directory-only,requires-validation,https://site.api.espn.com/apis/site/v2/sports/soccer/bel.1/summary?event={providerEventId},not-tested,https://site.api.espn.com/apis/site/v2/sports/soccer/bel.1/teams,not-established,https://site.api.espn.com/apis/v2/sports/soccer/bel.1/standings,not-established,
soccer,Belgian Pro League Promotion/Relegation Playoffs,bel.promotion.relegation,espn:soccer:bel.promotion.relegation,W2-team-and-soccer,team-match,false,https://site.api.espn.com/apis/site/v2/leagues/dropdown?region=us&lang=en&sport=soccer,https://site.api.espn.com/apis/site/v2/sports/soccer/bel.promotion.relegation/scoreboard,,,,directory-only,requires-validation,https://site.api.espn.com/apis/site/v2/sports/soccer/bel.promotion.relegation/summary?event={providerEventId},not-tested,https://site.api.espn.com/apis/site/v2/sports/soccer/bel.promotion.relegation/teams,not-established,https://site.api.espn.com/apis/v2/sports/soccer/bel.promotion.relegation/standings,not-established,
soccer,Spanish LALIGA 2,esp.2,espn:soccer:esp.2,W2-team-and-soccer,team-match,false,https://site.api.espn.com/apis/site/v2/leagues/dropdown?region=us&lang=en&sport=soccer,https://site.api.espn.com/apis/site/v2/sports/soccer/esp.2/scoreboard,,,,directory-only,requires-validation,https://site.api.espn.com/apis/site/v2/sports/soccer/esp.2/summary?event={providerEventId},not-tested,https://site.api.espn.com/apis/site/v2/sports/soccer/esp.2/teams,not-established,https://site.api.espn.com/apis/v2/sports/soccer/esp.2/standings,not-established,
soccer,German 2. Bundesliga,ger.2,espn:soccer:ger.2,W2-team-and-soccer,team-match,false,https://site.api.espn.com/apis/site/v2/leagues/dropdown?region=us&lang=en&sport=soccer,https://site.api.espn.com/apis/site/v2/sports/soccer/ger.2/scoreboard,,,,directory-only,requires-validation,https://site.api.espn.com/apis/site/v2/sports/soccer/ger.2/summary?event={providerEventId},not-tested,https://site.api.espn.com/apis/site/v2/sports/soccer/ger.2/teams,not-established,https://site.api.espn.com/apis/v2/sports/soccer/ger.2/standings,not-established,
soccer,Italian Serie B,ita.2,espn:soccer:ita.2,W2-team-and-soccer,team-match,false,https://site.api.espn.com/apis/site/v2/leagues/dropdown?region=us&lang=en&sport=soccer,https://site.api.espn.com/apis/site/v2/sports/soccer/ita.2/scoreboard,,,,directory-only,requires-validation,https://site.api.espn.com/apis/site/v2/sports/soccer/ita.2/summary?event={providerEventId},not-tested,https://site.api.espn.com/apis/site/v2/sports/soccer/ita.2/teams,not-established,https://site.api.espn.com/apis/v2/sports/soccer/ita.2/standings,not-established,
soccer,French Ligue 1 Promotion/Relegation Playoffs,fra.1.promotion.relegation,espn:soccer:fra.1.promotion.relegation,W2-team-and-soccer,team-match,false,https://site.api.espn.com/apis/site/v2/leagues/dropdown?region=us&lang=en&sport=soccer,https://site.api.espn.com/apis/site/v2/sports/soccer/fra.1.promotion.relegation/scoreboard,,,,directory-only,requires-validation,https://site.api.espn.com/apis/site/v2/sports/soccer/fra.1.promotion.relegation/summary?event={providerEventId},not-tested,https://site.api.espn.com/apis/site/v2/sports/soccer/fra.1.promotion.relegation/teams,not-established,https://site.api.espn.com/apis/v2/sports/soccer/fra.1.promotion.relegation/standings,not-established,
soccer,French Ligue 2,fra.2,espn:soccer:fra.2,W2-team-and-soccer,team-match,false,https://site.api.espn.com/apis/site/v2/leagues/dropdown?region=us&lang=en&sport=soccer,https://site.api.espn.com/apis/site/v2/sports/soccer/fra.2/scoreboard,,,,directory-only,requires-validation,https://site.api.espn.com/apis/site/v2/sports/soccer/fra.2/summary?event={providerEventId},not-tested,https://site.api.espn.com/apis/site/v2/sports/soccer/fra.2/teams,not-established,https://site.api.espn.com/apis/v2/sports/soccer/fra.2/standings,not-established,
soccer,Portuguese Primeira Liga Promotion/Relegation Playoffs,por.1.promotion.relegation,espn:soccer:por.1.promotion.relegation,W2-team-and-soccer,team-match,false,https://site.api.espn.com/apis/site/v2/leagues/dropdown?region=us&lang=en&sport=soccer,https://site.api.espn.com/apis/site/v2/sports/soccer/por.1.promotion.relegation/scoreboard,,,,directory-only,requires-validation,https://site.api.espn.com/apis/site/v2/sports/soccer/por.1.promotion.relegation/summary?event={providerEventId},not-tested,https://site.api.espn.com/apis/site/v2/sports/soccer/por.1.promotion.relegation/teams,not-established,https://site.api.espn.com/apis/v2/sports/soccer/por.1.promotion.relegation/standings,not-established,
soccer,Austrian Bundesliga,aut.1,espn:soccer:aut.1,W2-team-and-soccer,team-match,false,https://site.api.espn.com/apis/site/v2/leagues/dropdown?region=us&lang=en&sport=soccer,https://site.api.espn.com/apis/site/v2/sports/soccer/aut.1/scoreboard,,,,directory-only,requires-validation,https://site.api.espn.com/apis/site/v2/sports/soccer/aut.1/summary?event={providerEventId},not-tested,https://site.api.espn.com/apis/site/v2/sports/soccer/aut.1/teams,not-established,https://site.api.espn.com/apis/v2/sports/soccer/aut.1/standings,not-established,
soccer,Greek Super League,gre.1,espn:soccer:gre.1,W2-team-and-soccer,team-match,false,https://site.api.espn.com/apis/site/v2/leagues/dropdown?region=us&lang=en&sport=soccer,https://site.api.espn.com/apis/site/v2/sports/soccer/gre.1/scoreboard,,,,directory-only,requires-validation,https://site.api.espn.com/apis/site/v2/sports/soccer/gre.1/summary?event={providerEventId},not-tested,https://site.api.espn.com/apis/site/v2/sports/soccer/gre.1/teams,not-established,https://site.api.espn.com/apis/v2/sports/soccer/gre.1/standings,not-established,
soccer,Chinese Super League,chn.1,espn:soccer:chn.1,W2-team-and-soccer,team-match,false,https://site.api.espn.com/apis/site/v2/leagues/dropdown?region=us&lang=en&sport=soccer,https://site.api.espn.com/apis/site/v2/sports/soccer/chn.1/scoreboard,,,,directory-only,requires-validation,https://site.api.espn.com/apis/site/v2/sports/soccer/chn.1/summary?event={providerEventId},not-tested,https://site.api.espn.com/apis/site/v2/sports/soccer/chn.1/teams,not-established,https://site.api.espn.com/apis/v2/sports/soccer/chn.1/standings,not-established,
soccer,CONMEBOL-UEFA Club Challenge,global.club_challenge,espn:soccer:global.club_challenge,W2-team-and-soccer,team-match,false,https://site.api.espn.com/apis/site/v2/leagues/dropdown?region=us&lang=en&sport=soccer,https://site.api.espn.com/apis/site/v2/sports/soccer/global.club_challenge/scoreboard,,,,directory-only,requires-validation,https://site.api.espn.com/apis/site/v2/sports/soccer/global.club_challenge/summary?event={providerEventId},not-tested,https://site.api.espn.com/apis/site/v2/sports/soccer/global.club_challenge/teams,not-established,https://site.api.espn.com/apis/v2/sports/soccer/global.club_challenge/standings,not-established,
soccer,Dutch Johan Cruyff Shield,ned.supercup,espn:soccer:ned.supercup,W2-team-and-soccer,team-match,false,https://site.api.espn.com/apis/site/v2/leagues/dropdown?region=us&lang=en&sport=soccer,https://site.api.espn.com/apis/site/v2/sports/soccer/ned.supercup/scoreboard,,,,directory-only,requires-validation,https://site.api.espn.com/apis/site/v2/sports/soccer/ned.supercup/summary?event={providerEventId},not-tested,https://site.api.espn.com/apis/site/v2/sports/soccer/ned.supercup/teams,not-established,https://site.api.espn.com/apis/v2/sports/soccer/ned.supercup/standings,not-established,
soccer,Pinatar Cup,global.pinatar_cup,espn:soccer:global.pinatar_cup,W2-team-and-soccer,team-match,false,https://site.api.espn.com/apis/site/v2/leagues/dropdown?region=us&lang=en&sport=soccer,https://site.api.espn.com/apis/site/v2/sports/soccer/global.pinatar_cup/scoreboard,,,,directory-only,requires-validation,https://site.api.espn.com/apis/site/v2/sports/soccer/global.pinatar_cup/summary?event={providerEventId},not-tested,https://site.api.espn.com/apis/site/v2/sports/soccer/global.pinatar_cup/teams,not-established,https://site.api.espn.com/apis/v2/sports/soccer/global.pinatar_cup/standings,not-established,
soccer,Emirates Cup,friendly.emirates_cup,espn:soccer:friendly.emirates_cup,W2-team-and-soccer,team-match,false,https://site.api.espn.com/apis/site/v2/leagues/dropdown?region=us&lang=en&sport=soccer,https://site.api.espn.com/apis/site/v2/sports/soccer/friendly.emirates_cup/scoreboard,,,,directory-only,requires-validation,https://site.api.espn.com/apis/site/v2/sports/soccer/friendly.emirates_cup/summary?event={providerEventId},not-tested,https://site.api.espn.com/apis/site/v2/sports/soccer/friendly.emirates_cup/teams,not-established,https://site.api.espn.com/apis/v2/sports/soccer/friendly.emirates_cup/standings,not-established,
soccer,Trofeo Joan Gamper,esp.joan_gamper,espn:soccer:esp.joan_gamper,W2-team-and-soccer,team-match,false,https://site.api.espn.com/apis/site/v2/leagues/dropdown?region=us&lang=en&sport=soccer,https://site.api.espn.com/apis/site/v2/sports/soccer/esp.joan_gamper/scoreboard,,,,directory-only,requires-validation,https://site.api.espn.com/apis/site/v2/sports/soccer/esp.joan_gamper/summary?event={providerEventId},not-tested,https://site.api.espn.com/apis/site/v2/sports/soccer/esp.joan_gamper/teams,not-established,https://site.api.espn.com/apis/v2/sports/soccer/esp.joan_gamper/standings,not-established,
soccer,Japanese J.League World Challenge,jpn.world_challenge,espn:soccer:jpn.world_challenge,W2-team-and-soccer,team-match,false,https://site.api.espn.com/apis/site/v2/leagues/dropdown?region=us&lang=en&sport=soccer,https://site.api.espn.com/apis/site/v2/sports/soccer/jpn.world_challenge/scoreboard,,,,directory-only,requires-validation,https://site.api.espn.com/apis/site/v2/sports/soccer/jpn.world_challenge/summary?event={providerEventId},not-tested,https://site.api.espn.com/apis/site/v2/sports/soccer/jpn.world_challenge/teams,not-established,https://site.api.espn.com/apis/v2/sports/soccer/jpn.world_challenge/standings,not-established,
soccer,Arnold Clark Cup,global.arnold.clark_cup,espn:soccer:global.arnold.clark_cup,W2-team-and-soccer,team-match,false,https://site.api.espn.com/apis/site/v2/leagues/dropdown?region=us&lang=en&sport=soccer,https://site.api.espn.com/apis/site/v2/sports/soccer/global.arnold.clark_cup/scoreboard,,,,directory-only,requires-validation,https://site.api.espn.com/apis/site/v2/sports/soccer/global.arnold.clark_cup/summary?event={providerEventId},not-tested,https://site.api.espn.com/apis/site/v2/sports/soccer/global.arnold.clark_cup/teams,not-established,https://site.api.espn.com/apis/v2/sports/soccer/global.arnold.clark_cup/standings,not-established,
soccer,CONMEBOL Pre-Olympic Tournament,fifa.conmebol.olympicsq,espn:soccer:fifa.conmebol.olympicsq,W2-team-and-soccer,team-match,false,https://site.api.espn.com/apis/site/v2/leagues/dropdown?region=us&lang=en&sport=soccer,https://site.api.espn.com/apis/site/v2/sports/soccer/fifa.conmebol.olympicsq/scoreboard,,,,directory-only,requires-validation,https://site.api.espn.com/apis/site/v2/sports/soccer/fifa.conmebol.olympicsq/summary?event={providerEventId},not-tested,https://site.api.espn.com/apis/site/v2/sports/soccer/fifa.conmebol.olympicsq/teams,not-established,https://site.api.espn.com/apis/v2/sports/soccer/fifa.conmebol.olympicsq/standings,not-established,
soccer,Men's Olympic Qualifying Playoff,fifa.concacaf.olympicsq,espn:soccer:fifa.concacaf.olympicsq,W2-team-and-soccer,team-match,false,https://site.api.espn.com/apis/site/v2/leagues/dropdown?region=us&lang=en&sport=soccer,https://site.api.espn.com/apis/site/v2/sports/soccer/fifa.concacaf.olympicsq/scoreboard,,,,directory-only,requires-validation,https://site.api.espn.com/apis/site/v2/sports/soccer/fifa.concacaf.olympicsq/summary?event={providerEventId},not-tested,https://site.api.espn.com/apis/site/v2/sports/soccer/fifa.concacaf.olympicsq/teams,not-established,https://site.api.espn.com/apis/v2/sports/soccer/fifa.concacaf.olympicsq/standings,not-established,
soccer,Concacaf Women's Olympic Qualifying,fifa.w.concacaf.olympicsq,espn:soccer:fifa.w.concacaf.olympicsq,W2-team-and-soccer,team-match,false,https://site.api.espn.com/apis/site/v2/leagues/dropdown?region=us&lang=en&sport=soccer,https://site.api.espn.com/apis/site/v2/sports/soccer/fifa.w.concacaf.olympicsq/scoreboard,,,,directory-only,requires-validation,https://site.api.espn.com/apis/site/v2/sports/soccer/fifa.w.concacaf.olympicsq/summary?event={providerEventId},not-tested,https://site.api.espn.com/apis/site/v2/sports/soccer/fifa.w.concacaf.olympicsq/teams,not-established,https://site.api.espn.com/apis/v2/sports/soccer/fifa.w.concacaf.olympicsq/standings,not-established,
soccer,FIFA Under-17 World Cup,fifa.world.u17,espn:soccer:fifa.world.u17,W2-team-and-soccer,team-match,false,https://site.api.espn.com/apis/site/v2/leagues/dropdown?region=us&lang=en&sport=soccer,https://site.api.espn.com/apis/site/v2/sports/soccer/fifa.world.u17/scoreboard,,,,directory-only,requires-validation,https://site.api.espn.com/apis/site/v2/sports/soccer/fifa.world.u17/summary?event={providerEventId},not-tested,https://site.api.espn.com/apis/site/v2/sports/soccer/fifa.world.u17/teams,not-established,https://site.api.espn.com/apis/v2/sports/soccer/fifa.world.u17/standings,not-established,
soccer,FIFA Under-17 Women's World Cup,fifa.wworld.u17,espn:soccer:fifa.wworld.u17,W2-team-and-soccer,team-match,false,https://site.api.espn.com/apis/site/v2/leagues/dropdown?region=us&lang=en&sport=soccer,https://site.api.espn.com/apis/site/v2/sports/soccer/fifa.wworld.u17/scoreboard,,,,directory-only,requires-validation,https://site.api.espn.com/apis/site/v2/sports/soccer/fifa.wworld.u17/summary?event={providerEventId},not-tested,https://site.api.espn.com/apis/site/v2/sports/soccer/fifa.wworld.u17/teams,not-established,https://site.api.espn.com/apis/v2/sports/soccer/fifa.wworld.u17/standings,not-established,
soccer,UEFA European Under-21 Championship Qualifying,uefa.euro_u21_qual,espn:soccer:uefa.euro_u21_qual,W2-team-and-soccer,team-match,false,https://site.api.espn.com/apis/site/v2/leagues/dropdown?region=us&lang=en&sport=soccer,https://site.api.espn.com/apis/site/v2/sports/soccer/uefa.euro_u21_qual/scoreboard,,,,directory-only,requires-validation,https://site.api.espn.com/apis/site/v2/sports/soccer/uefa.euro_u21_qual/summary?event={providerEventId},not-tested,https://site.api.espn.com/apis/site/v2/sports/soccer/uefa.euro_u21_qual/teams,not-established,https://site.api.espn.com/apis/v2/sports/soccer/uefa.euro_u21_qual/standings,not-established,
soccer,UEFA European Under-19 Championship,uefa.euro.u19,espn:soccer:uefa.euro.u19,W2-team-and-soccer,team-match,false,https://site.api.espn.com/apis/site/v2/leagues/dropdown?region=us&lang=en&sport=soccer,https://site.api.espn.com/apis/site/v2/sports/soccer/uefa.euro.u19/scoreboard,,,,directory-only,requires-validation,https://site.api.espn.com/apis/site/v2/sports/soccer/uefa.euro.u19/summary?event={providerEventId},not-tested,https://site.api.espn.com/apis/site/v2/sports/soccer/uefa.euro.u19/teams,not-established,https://site.api.espn.com/apis/v2/sports/soccer/uefa.euro.u19/standings,not-established,
soccer,Under-21 International Friendly,fifa.friendly_u21,espn:soccer:fifa.friendly_u21,W2-team-and-soccer,team-match,false,https://site.api.espn.com/apis/site/v2/leagues/dropdown?region=us&lang=en&sport=soccer,https://site.api.espn.com/apis/site/v2/sports/soccer/fifa.friendly_u21/scoreboard,,,,directory-only,requires-validation,https://site.api.espn.com/apis/site/v2/sports/soccer/fifa.friendly_u21/summary?event={providerEventId},not-tested,https://site.api.espn.com/apis/site/v2/sports/soccer/fifa.friendly_u21/teams,not-established,https://site.api.espn.com/apis/v2/sports/soccer/fifa.friendly_u21/standings,not-established,
soccer,German Bundesliga 2. Promotion/Relegation Playoffs,ger.2.promotion.relegation,espn:soccer:ger.2.promotion.relegation,W2-team-and-soccer,team-match,false,https://site.api.espn.com/apis/site/v2/leagues/dropdown?region=us&lang=en&sport=soccer,https://site.api.espn.com/apis/site/v2/sports/soccer/ger.2.promotion.relegation/scoreboard,,,,directory-only,requires-validation,https://site.api.espn.com/apis/site/v2/sports/soccer/ger.2.promotion.relegation/summary?event={providerEventId},not-tested,https://site.api.espn.com/apis/site/v2/sports/soccer/ger.2.promotion.relegation/teams,not-established,https://site.api.espn.com/apis/v2/sports/soccer/ger.2.promotion.relegation/standings,not-established,
soccer,English EFL Trophy,eng.trophy,espn:soccer:eng.trophy,W2-team-and-soccer,team-match,false,https://site.api.espn.com/apis/site/v2/leagues/dropdown?region=us&lang=en&sport=soccer,https://site.api.espn.com/apis/site/v2/sports/soccer/eng.trophy/scoreboard,,,,directory-only,requires-validation,https://site.api.espn.com/apis/site/v2/sports/soccer/eng.trophy/summary?event={providerEventId},not-tested,https://site.api.espn.com/apis/site/v2/sports/soccer/eng.trophy/teams,not-established,https://site.api.espn.com/apis/v2/sports/soccer/eng.trophy/standings,not-established,
soccer,English League One,eng.3,espn:soccer:eng.3,W2-team-and-soccer,team-match,false,https://site.api.espn.com/apis/site/v2/leagues/dropdown?region=us&lang=en&sport=soccer,https://site.api.espn.com/apis/site/v2/sports/soccer/eng.3/scoreboard,,,,directory-only,requires-validation,https://site.api.espn.com/apis/site/v2/sports/soccer/eng.3/summary?event={providerEventId},not-tested,https://site.api.espn.com/apis/site/v2/sports/soccer/eng.3/teams,not-established,https://site.api.espn.com/apis/v2/sports/soccer/eng.3/standings,not-established,
soccer,English League Two,eng.4,espn:soccer:eng.4,W2-team-and-soccer,team-match,false,https://site.api.espn.com/apis/site/v2/leagues/dropdown?region=us&lang=en&sport=soccer,https://site.api.espn.com/apis/site/v2/sports/soccer/eng.4/scoreboard,,,,directory-only,requires-validation,https://site.api.espn.com/apis/site/v2/sports/soccer/eng.4/summary?event={providerEventId},not-tested,https://site.api.espn.com/apis/site/v2/sports/soccer/eng.4/teams,not-established,https://site.api.espn.com/apis/v2/sports/soccer/eng.4/standings,not-established,
soccer,English National League,eng.5,espn:soccer:eng.5,W2-team-and-soccer,team-match,false,https://site.api.espn.com/apis/site/v2/leagues/dropdown?region=us&lang=en&sport=soccer,https://site.api.espn.com/apis/site/v2/sports/soccer/eng.5/scoreboard,,,,directory-only,requires-validation,https://site.api.espn.com/apis/site/v2/sports/soccer/eng.5/summary?event={providerEventId},not-tested,https://site.api.espn.com/apis/site/v2/sports/soccer/eng.5/teams,not-established,https://site.api.espn.com/apis/v2/sports/soccer/eng.5/standings,not-established,
soccer,English FA Cup Qualifying,eng.fa_qual,espn:soccer:eng.fa_qual,W2-team-and-soccer,team-match,false,https://site.api.espn.com/apis/site/v2/leagues/dropdown?region=us&lang=en&sport=soccer,https://site.api.espn.com/apis/site/v2/sports/soccer/eng.fa_qual/scoreboard,,,,directory-only,requires-validation,https://site.api.espn.com/apis/site/v2/sports/soccer/eng.fa_qual/summary?event={providerEventId},not-tested,https://site.api.espn.com/apis/site/v2/sports/soccer/eng.fa_qual/teams,not-established,https://site.api.espn.com/apis/v2/sports/soccer/eng.fa_qual/standings,not-established,
soccer,Scottish Premiership Promotion/Relegation Playoffs,sco.1.promotion.relegation,espn:soccer:sco.1.promotion.relegation,W2-team-and-soccer,team-match,false,https://site.api.espn.com/apis/site/v2/leagues/dropdown?region=us&lang=en&sport=soccer,https://site.api.espn.com/apis/site/v2/sports/soccer/sco.1.promotion.relegation/scoreboard,,,,directory-only,requires-validation,https://site.api.espn.com/apis/site/v2/sports/soccer/sco.1.promotion.relegation/summary?event={providerEventId},not-tested,https://site.api.espn.com/apis/site/v2/sports/soccer/sco.1.promotion.relegation/teams,not-established,https://site.api.espn.com/apis/v2/sports/soccer/sco.1.promotion.relegation/standings,not-established,
soccer,Scottish Championship,sco.2,espn:soccer:sco.2,W2-team-and-soccer,team-match,false,https://site.api.espn.com/apis/site/v2/leagues/dropdown?region=us&lang=en&sport=soccer,https://site.api.espn.com/apis/site/v2/sports/soccer/sco.2/scoreboard,,,,directory-only,requires-validation,https://site.api.espn.com/apis/site/v2/sports/soccer/sco.2/summary?event={providerEventId},not-tested,https://site.api.espn.com/apis/site/v2/sports/soccer/sco.2/teams,not-established,https://site.api.espn.com/apis/v2/sports/soccer/sco.2/standings,not-established,
soccer,Scottish Championship Promotion/Relegation Playoffs,sco.2.promotion.relegation,espn:soccer:sco.2.promotion.relegation,W2-team-and-soccer,team-match,false,https://site.api.espn.com/apis/site/v2/leagues/dropdown?region=us&lang=en&sport=soccer,https://site.api.espn.com/apis/site/v2/sports/soccer/sco.2.promotion.relegation/scoreboard,,,,directory-only,requires-validation,https://site.api.espn.com/apis/site/v2/sports/soccer/sco.2.promotion.relegation/summary?event={providerEventId},not-tested,https://site.api.espn.com/apis/site/v2/sports/soccer/sco.2.promotion.relegation/teams,not-established,https://site.api.espn.com/apis/v2/sports/soccer/sco.2.promotion.relegation/standings,not-established,
soccer,Scottish League Challenge Cup,sco.challenge,espn:soccer:sco.challenge,W2-team-and-soccer,team-match,false,https://site.api.espn.com/apis/site/v2/leagues/dropdown?region=us&lang=en&sport=soccer,https://site.api.espn.com/apis/site/v2/sports/soccer/sco.challenge/scoreboard,,,,directory-only,requires-validation,https://site.api.espn.com/apis/site/v2/sports/soccer/sco.challenge/summary?event={providerEventId},not-tested,https://site.api.espn.com/apis/site/v2/sports/soccer/sco.challenge/teams,not-established,https://site.api.espn.com/apis/v2/sports/soccer/sco.challenge/standings,not-established,
soccer,Scottish Cup Qualifying,sco.tennents_qual,espn:soccer:sco.tennents_qual,W2-team-and-soccer,team-match,false,https://site.api.espn.com/apis/site/v2/leagues/dropdown?region=us&lang=en&sport=soccer,https://site.api.espn.com/apis/site/v2/sports/soccer/sco.tennents_qual/scoreboard,,,,directory-only,requires-validation,https://site.api.espn.com/apis/site/v2/sports/soccer/sco.tennents_qual/summary?event={providerEventId},not-tested,https://site.api.espn.com/apis/site/v2/sports/soccer/sco.tennents_qual/teams,not-established,https://site.api.espn.com/apis/v2/sports/soccer/sco.tennents_qual/standings,not-established,
soccer,Dutch Eredivisie Promotion/Relegation Playoffs,ned.playoff.relegation,espn:soccer:ned.playoff.relegation,W2-team-and-soccer,team-match,false,https://site.api.espn.com/apis/site/v2/leagues/dropdown?region=us&lang=en&sport=soccer,https://site.api.espn.com/apis/site/v2/sports/soccer/ned.playoff.relegation/scoreboard,,,,directory-only,requires-validation,https://site.api.espn.com/apis/site/v2/sports/soccer/ned.playoff.relegation/summary?event={providerEventId},not-tested,https://site.api.espn.com/apis/site/v2/sports/soccer/ned.playoff.relegation/teams,not-established,https://site.api.espn.com/apis/v2/sports/soccer/ned.playoff.relegation/standings,not-established,
soccer,Dutch Keuken Kampioen Divisie,ned.2,espn:soccer:ned.2,W2-team-and-soccer,team-match,false,https://site.api.espn.com/apis/site/v2/leagues/dropdown?region=us&lang=en&sport=soccer,https://site.api.espn.com/apis/site/v2/sports/soccer/ned.2/scoreboard,,,,directory-only,requires-validation,https://site.api.espn.com/apis/site/v2/sports/soccer/ned.2/summary?event={providerEventId},not-tested,https://site.api.espn.com/apis/site/v2/sports/soccer/ned.2/teams,not-established,https://site.api.espn.com/apis/v2/sports/soccer/ned.2/standings,not-established,
soccer,Dutch Tweede Divisie Promotion/Relegation Playoffs,ned.3.promotion.relegation,espn:soccer:ned.3.promotion.relegation,W2-team-and-soccer,team-match,false,https://site.api.espn.com/apis/site/v2/leagues/dropdown?region=us&lang=en&sport=soccer,https://site.api.espn.com/apis/site/v2/sports/soccer/ned.3.promotion.relegation/scoreboard,,,,directory-only,requires-validation,https://site.api.espn.com/apis/site/v2/sports/soccer/ned.3.promotion.relegation/summary?event={providerEventId},not-tested,https://site.api.espn.com/apis/site/v2/sports/soccer/ned.3.promotion.relegation/teams,not-established,https://site.api.espn.com/apis/v2/sports/soccer/ned.3.promotion.relegation/standings,not-established,
soccer,Dutch KNVB Beker Vrouwen,ned.w.knvb_cup,espn:soccer:ned.w.knvb_cup,W2-team-and-soccer,team-match,false,https://site.api.espn.com/apis/site/v2/leagues/dropdown?region=us&lang=en&sport=soccer,https://site.api.espn.com/apis/site/v2/sports/soccer/ned.w.knvb_cup/scoreboard,,,,directory-only,requires-validation,https://site.api.espn.com/apis/site/v2/sports/soccer/ned.w.knvb_cup/summary?event={providerEventId},not-tested,https://site.api.espn.com/apis/site/v2/sports/soccer/ned.w.knvb_cup/teams,not-established,https://site.api.espn.com/apis/v2/sports/soccer/ned.w.knvb_cup/standings,not-established,
soccer,Dutch Vrouwen Eredivisie,ned.w.1,espn:soccer:ned.w.1,W2-team-and-soccer,team-match,false,https://site.api.espn.com/apis/site/v2/leagues/dropdown?region=us&lang=en&sport=soccer,https://site.api.espn.com/apis/site/v2/sports/soccer/ned.w.1/scoreboard,,,,directory-only,requires-validation,https://site.api.espn.com/apis/site/v2/sports/soccer/ned.w.1/summary?event={providerEventId},not-tested,https://site.api.espn.com/apis/site/v2/sports/soccer/ned.w.1/teams,not-established,https://site.api.espn.com/apis/v2/sports/soccer/ned.w.1/standings,not-established,
soccer,Swedish Allsvenskan,swe.1,espn:soccer:swe.1,W2-team-and-soccer,team-match,false,https://site.api.espn.com/apis/site/v2/leagues/dropdown?region=us&lang=en&sport=soccer,https://site.api.espn.com/apis/site/v2/sports/soccer/swe.1/scoreboard,,,,directory-only,requires-validation,https://site.api.espn.com/apis/site/v2/sports/soccer/swe.1/summary?event={providerEventId},not-tested,https://site.api.espn.com/apis/site/v2/sports/soccer/swe.1/teams,not-established,https://site.api.espn.com/apis/v2/sports/soccer/swe.1/standings,not-established,
soccer,Swedish Allsvenskan Promotion/Relegation Playoffs,swe.1.promotion.relegation,espn:soccer:swe.1.promotion.relegation,W2-team-and-soccer,team-match,false,https://site.api.espn.com/apis/site/v2/leagues/dropdown?region=us&lang=en&sport=soccer,https://site.api.espn.com/apis/site/v2/sports/soccer/swe.1.promotion.relegation/scoreboard,,,,directory-only,requires-validation,https://site.api.espn.com/apis/site/v2/sports/soccer/swe.1.promotion.relegation/summary?event={providerEventId},not-tested,https://site.api.espn.com/apis/site/v2/sports/soccer/swe.1.promotion.relegation/teams,not-established,https://site.api.espn.com/apis/v2/sports/soccer/swe.1.promotion.relegation/standings,not-established,
soccer,Danish Superliga,den.1,espn:soccer:den.1,W2-team-and-soccer,team-match,false,https://site.api.espn.com/apis/site/v2/leagues/dropdown?region=us&lang=en&sport=soccer,https://site.api.espn.com/apis/site/v2/sports/soccer/den.1/scoreboard,,,,directory-only,requires-validation,https://site.api.espn.com/apis/site/v2/sports/soccer/den.1/summary?event={providerEventId},not-tested,https://site.api.espn.com/apis/site/v2/sports/soccer/den.1/teams,not-established,https://site.api.espn.com/apis/v2/sports/soccer/den.1/standings,not-established,
soccer,Norwegian Eliteserien Promotion/Relegation Playoffs,nor.1.promotion.relegation,espn:soccer:nor.1.promotion.relegation,W2-team-and-soccer,team-match,false,https://site.api.espn.com/apis/site/v2/leagues/dropdown?region=us&lang=en&sport=soccer,https://site.api.espn.com/apis/site/v2/sports/soccer/nor.1.promotion.relegation/scoreboard,,,,directory-only,requires-validation,https://site.api.espn.com/apis/site/v2/sports/soccer/nor.1.promotion.relegation/summary?event={providerEventId},not-tested,https://site.api.espn.com/apis/site/v2/sports/soccer/nor.1.promotion.relegation/teams,not-established,https://site.api.espn.com/apis/v2/sports/soccer/nor.1.promotion.relegation/standings,not-established,
soccer,Norwegian Eliteserien,nor.1,espn:soccer:nor.1,W2-team-and-soccer,team-match,false,https://site.api.espn.com/apis/site/v2/leagues/dropdown?region=us&lang=en&sport=soccer,https://site.api.espn.com/apis/site/v2/sports/soccer/nor.1/scoreboard,,,,directory-only,requires-validation,https://site.api.espn.com/apis/site/v2/sports/soccer/nor.1/summary?event={providerEventId},not-tested,https://site.api.espn.com/apis/site/v2/sports/soccer/nor.1/teams,not-established,https://site.api.espn.com/apis/v2/sports/soccer/nor.1/standings,not-established,
soccer,CONMEBOL Sudamericana,conmebol.sudamericana,espn:soccer:conmebol.sudamericana,W2-team-and-soccer,team-match,false,https://site.api.espn.com/apis/site/v2/leagues/dropdown?region=us&lang=en&sport=soccer,https://site.api.espn.com/apis/site/v2/sports/soccer/conmebol.sudamericana/scoreboard,,,,directory-only,requires-validation,https://site.api.espn.com/apis/site/v2/sports/soccer/conmebol.sudamericana/summary?event={providerEventId},not-tested,https://site.api.espn.com/apis/site/v2/sports/soccer/conmebol.sudamericana/teams,not-established,https://site.api.espn.com/apis/v2/sports/soccer/conmebol.sudamericana/standings,not-established,
soccer,CONMEBOL Recopa,conmebol.recopa,espn:soccer:conmebol.recopa,W2-team-and-soccer,team-match,false,https://site.api.espn.com/apis/site/v2/leagues/dropdown?region=us&lang=en&sport=soccer,https://site.api.espn.com/apis/site/v2/sports/soccer/conmebol.recopa/scoreboard,,,,directory-only,requires-validation,https://site.api.espn.com/apis/site/v2/sports/soccer/conmebol.recopa/summary?event={providerEventId},not-tested,https://site.api.espn.com/apis/site/v2/sports/soccer/conmebol.recopa/teams,not-established,https://site.api.espn.com/apis/v2/sports/soccer/conmebol.recopa/standings,not-established,
soccer,Argentine Liga Profesional de Fútbol,arg.1,espn:soccer:arg.1,W2-team-and-soccer,team-match,false,https://site.api.espn.com/apis/site/v2/leagues/dropdown?region=us&lang=en&sport=soccer,https://site.api.espn.com/apis/site/v2/sports/soccer/arg.1/scoreboard,,,,directory-only,requires-validation,https://site.api.espn.com/apis/site/v2/sports/soccer/arg.1/summary?event={providerEventId},not-tested,https://site.api.espn.com/apis/site/v2/sports/soccer/arg.1/teams,not-established,https://site.api.espn.com/apis/v2/sports/soccer/arg.1/standings,not-established,
soccer,Copa Argentina,arg.copa,espn:soccer:arg.copa,W2-team-and-soccer,team-match,false,https://site.api.espn.com/apis/site/v2/leagues/dropdown?region=us&lang=en&sport=soccer,https://site.api.espn.com/apis/site/v2/sports/soccer/arg.copa/scoreboard,,,,directory-only,requires-validation,https://site.api.espn.com/apis/site/v2/sports/soccer/arg.copa/summary?event={providerEventId},not-tested,https://site.api.espn.com/apis/site/v2/sports/soccer/arg.copa/teams,not-established,https://site.api.espn.com/apis/v2/sports/soccer/arg.copa/standings,not-established,
soccer,Argentine Copa de la Superliga,arg.copa_de_la_superliga,espn:soccer:arg.copa_de_la_superliga,W2-team-and-soccer,team-match,false,https://site.api.espn.com/apis/site/v2/leagues/dropdown?region=us&lang=en&sport=soccer,https://site.api.espn.com/apis/site/v2/sports/soccer/arg.copa_de_la_superliga/scoreboard,,,,directory-only,requires-validation,https://site.api.espn.com/apis/site/v2/sports/soccer/arg.copa_de_la_superliga/summary?event={providerEventId},not-tested,https://site.api.espn.com/apis/site/v2/sports/soccer/arg.copa_de_la_superliga/teams,not-established,https://site.api.espn.com/apis/v2/sports/soccer/arg.copa_de_la_superliga/standings,not-established,
soccer,Argentine Trofeo de Campeones,arg.trofeo_de_la_campeones,espn:soccer:arg.trofeo_de_la_campeones,W2-team-and-soccer,team-match,false,https://site.api.espn.com/apis/site/v2/leagues/dropdown?region=us&lang=en&sport=soccer,https://site.api.espn.com/apis/site/v2/sports/soccer/arg.trofeo_de_la_campeones/scoreboard,,,,directory-only,requires-validation,https://site.api.espn.com/apis/site/v2/sports/soccer/arg.trofeo_de_la_campeones/summary?event={providerEventId},not-tested,https://site.api.espn.com/apis/site/v2/sports/soccer/arg.trofeo_de_la_campeones/teams,not-established,https://site.api.espn.com/apis/v2/sports/soccer/arg.trofeo_de_la_campeones/standings,not-established,
soccer,Argentine Nacional B,arg.2,espn:soccer:arg.2,W2-team-and-soccer,team-match,false,https://site.api.espn.com/apis/site/v2/leagues/dropdown?region=us&lang=en&sport=soccer,https://site.api.espn.com/apis/site/v2/sports/soccer/arg.2/scoreboard,,,,directory-only,requires-validation,https://site.api.espn.com/apis/site/v2/sports/soccer/arg.2/summary?event={providerEventId},not-tested,https://site.api.espn.com/apis/site/v2/sports/soccer/arg.2/teams,not-established,https://site.api.espn.com/apis/v2/sports/soccer/arg.2/standings,not-established,
soccer,Argentine Supercopa,arg.supercopa,espn:soccer:arg.supercopa,W2-team-and-soccer,team-match,false,https://site.api.espn.com/apis/site/v2/leagues/dropdown?region=us&lang=en&sport=soccer,https://site.api.espn.com/apis/site/v2/sports/soccer/arg.supercopa/scoreboard,,,,directory-only,requires-validation,https://site.api.espn.com/apis/site/v2/sports/soccer/arg.supercopa/summary?event={providerEventId},not-tested,https://site.api.espn.com/apis/site/v2/sports/soccer/arg.supercopa/teams,not-established,https://site.api.espn.com/apis/v2/sports/soccer/arg.supercopa/standings,not-established,
soccer,Argentine Supercopa Internacional,arg.supercopa.internacional,espn:soccer:arg.supercopa.internacional,W2-team-and-soccer,team-match,false,https://site.api.espn.com/apis/site/v2/leagues/dropdown?region=us&lang=en&sport=soccer,https://site.api.espn.com/apis/site/v2/sports/soccer/arg.supercopa.internacional/scoreboard,,,,directory-only,requires-validation,https://site.api.espn.com/apis/site/v2/sports/soccer/arg.supercopa.internacional/summary?event={providerEventId},not-tested,https://site.api.espn.com/apis/site/v2/sports/soccer/arg.supercopa.internacional/teams,not-established,https://site.api.espn.com/apis/v2/sports/soccer/arg.supercopa.internacional/standings,not-established,
soccer,Argentine Primera B,arg.3,espn:soccer:arg.3,W2-team-and-soccer,team-match,false,https://site.api.espn.com/apis/site/v2/leagues/dropdown?region=us&lang=en&sport=soccer,https://site.api.espn.com/apis/site/v2/sports/soccer/arg.3/scoreboard,,,,directory-only,requires-validation,https://site.api.espn.com/apis/site/v2/sports/soccer/arg.3/summary?event={providerEventId},not-tested,https://site.api.espn.com/apis/site/v2/sports/soccer/arg.3/teams,not-established,https://site.api.espn.com/apis/v2/sports/soccer/arg.3/standings,not-established,
soccer,Brazilian Supercopa Rei,bra.supercopa_do_brazil,espn:soccer:bra.supercopa_do_brazil,W2-team-and-soccer,team-match,false,https://site.api.espn.com/apis/site/v2/leagues/dropdown?region=us&lang=en&sport=soccer,https://site.api.espn.com/apis/site/v2/sports/soccer/bra.supercopa_do_brazil/scoreboard,,,,directory-only,requires-validation,https://site.api.espn.com/apis/site/v2/sports/soccer/bra.supercopa_do_brazil/summary?event={providerEventId},not-tested,https://site.api.espn.com/apis/site/v2/sports/soccer/bra.supercopa_do_brazil/teams,not-established,https://site.api.espn.com/apis/v2/sports/soccer/bra.supercopa_do_brazil/standings,not-established,
soccer,Brazilian Serie A,bra.1,espn:soccer:bra.1,W2-team-and-soccer,team-match,false,https://site.api.espn.com/apis/site/v2/leagues/dropdown?region=us&lang=en&sport=soccer,https://site.api.espn.com/apis/site/v2/sports/soccer/bra.1/scoreboard,,,,directory-only,requires-validation,https://site.api.espn.com/apis/site/v2/sports/soccer/bra.1/summary?event={providerEventId},not-tested,https://site.api.espn.com/apis/site/v2/sports/soccer/bra.1/teams,not-established,https://site.api.espn.com/apis/v2/sports/soccer/bra.1/standings,not-established,
soccer,Brazilian Serie B,bra.2,espn:soccer:bra.2,W2-team-and-soccer,team-match,false,https://site.api.espn.com/apis/site/v2/leagues/dropdown?region=us&lang=en&sport=soccer,https://site.api.espn.com/apis/site/v2/sports/soccer/bra.2/scoreboard,,,,directory-only,requires-validation,https://site.api.espn.com/apis/site/v2/sports/soccer/bra.2/summary?event={providerEventId},not-tested,https://site.api.espn.com/apis/site/v2/sports/soccer/bra.2/teams,not-established,https://site.api.espn.com/apis/v2/sports/soccer/bra.2/standings,not-established,
soccer,Copa do Brasil,bra.copa_do_brazil,espn:soccer:bra.copa_do_brazil,W2-team-and-soccer,team-match,false,https://site.api.espn.com/apis/site/v2/leagues/dropdown?region=us&lang=en&sport=soccer,https://site.api.espn.com/apis/site/v2/sports/soccer/bra.copa_do_brazil/scoreboard,,,,directory-only,requires-validation,https://site.api.espn.com/apis/site/v2/sports/soccer/bra.copa_do_brazil/summary?event={providerEventId},not-tested,https://site.api.espn.com/apis/site/v2/sports/soccer/bra.copa_do_brazil/teams,not-established,https://site.api.espn.com/apis/v2/sports/soccer/bra.copa_do_brazil/standings,not-established,
soccer,Brazilian Campeonato Carioca,bra.camp.carioca,espn:soccer:bra.camp.carioca,W2-team-and-soccer,team-match,false,https://site.api.espn.com/apis/site/v2/leagues/dropdown?region=us&lang=en&sport=soccer,https://site.api.espn.com/apis/site/v2/sports/soccer/bra.camp.carioca/scoreboard,,,,directory-only,requires-validation,https://site.api.espn.com/apis/site/v2/sports/soccer/bra.camp.carioca/summary?event={providerEventId},not-tested,https://site.api.espn.com/apis/site/v2/sports/soccer/bra.camp.carioca/teams,not-established,https://site.api.espn.com/apis/v2/sports/soccer/bra.camp.carioca/standings,not-established,
soccer,Brazilian Campeonato Paulista,bra.camp.paulista,espn:soccer:bra.camp.paulista,W2-team-and-soccer,team-match,false,https://site.api.espn.com/apis/site/v2/leagues/dropdown?region=us&lang=en&sport=soccer,https://site.api.espn.com/apis/site/v2/sports/soccer/bra.camp.paulista/scoreboard,,,,directory-only,requires-validation,https://site.api.espn.com/apis/site/v2/sports/soccer/bra.camp.paulista/summary?event={providerEventId},not-tested,https://site.api.espn.com/apis/site/v2/sports/soccer/bra.camp.paulista/teams,not-established,https://site.api.espn.com/apis/v2/sports/soccer/bra.camp.paulista/standings,not-established,
soccer,Brazilian Campeonato Gaucho,bra.camp.gaucho,espn:soccer:bra.camp.gaucho,W2-team-and-soccer,team-match,false,https://site.api.espn.com/apis/site/v2/leagues/dropdown?region=us&lang=en&sport=soccer,https://site.api.espn.com/apis/site/v2/sports/soccer/bra.camp.gaucho/scoreboard,,,,directory-only,requires-validation,https://site.api.espn.com/apis/site/v2/sports/soccer/bra.camp.gaucho/summary?event={providerEventId},not-tested,https://site.api.espn.com/apis/site/v2/sports/soccer/bra.camp.gaucho/teams,not-established,https://site.api.espn.com/apis/v2/sports/soccer/bra.camp.gaucho/standings,not-established,
soccer,Brazilian Campeonato Mineiro,bra.camp.mineiro,espn:soccer:bra.camp.mineiro,W2-team-and-soccer,team-match,false,https://site.api.espn.com/apis/site/v2/leagues/dropdown?region=us&lang=en&sport=soccer,https://site.api.espn.com/apis/site/v2/sports/soccer/bra.camp.mineiro/scoreboard,,,,directory-only,requires-validation,https://site.api.espn.com/apis/site/v2/sports/soccer/bra.camp.mineiro/summary?event={providerEventId},not-tested,https://site.api.espn.com/apis/site/v2/sports/soccer/bra.camp.mineiro/teams,not-established,https://site.api.espn.com/apis/v2/sports/soccer/bra.camp.mineiro/standings,not-established,
soccer,Chilean Supercopa,chi.super_cup,espn:soccer:chi.super_cup,W2-team-and-soccer,team-match,false,https://site.api.espn.com/apis/site/v2/leagues/dropdown?region=us&lang=en&sport=soccer,https://site.api.espn.com/apis/site/v2/sports/soccer/chi.super_cup/scoreboard,,,,directory-only,requires-validation,https://site.api.espn.com/apis/site/v2/sports/soccer/chi.super_cup/summary?event={providerEventId},not-tested,https://site.api.espn.com/apis/site/v2/sports/soccer/chi.super_cup/teams,not-established,https://site.api.espn.com/apis/v2/sports/soccer/chi.super_cup/standings,not-established,
soccer,Chilean Primera División,chi.1,espn:soccer:chi.1,W2-team-and-soccer,team-match,false,https://site.api.espn.com/apis/site/v2/leagues/dropdown?region=us&lang=en&sport=soccer,https://site.api.espn.com/apis/site/v2/sports/soccer/chi.1/scoreboard,,,,directory-only,requires-validation,https://site.api.espn.com/apis/site/v2/sports/soccer/chi.1/summary?event={providerEventId},not-tested,https://site.api.espn.com/apis/site/v2/sports/soccer/chi.1/teams,not-established,https://site.api.espn.com/apis/v2/sports/soccer/chi.1/standings,not-established,
soccer,Chilean Primera División Promotion/Relegation Playoffs,chi.1.promotion.relegation,espn:soccer:chi.1.promotion.relegation,W2-team-and-soccer,team-match,false,https://site.api.espn.com/apis/site/v2/leagues/dropdown?region=us&lang=en&sport=soccer,https://site.api.espn.com/apis/site/v2/sports/soccer/chi.1.promotion.relegation/scoreboard,,,,directory-only,requires-validation,https://site.api.espn.com/apis/site/v2/sports/soccer/chi.1.promotion.relegation/summary?event={providerEventId},not-tested,https://site.api.espn.com/apis/site/v2/sports/soccer/chi.1.promotion.relegation/teams,not-established,https://site.api.espn.com/apis/v2/sports/soccer/chi.1.promotion.relegation/standings,not-established,
soccer,Copa Chile,chi.copa_chi,espn:soccer:chi.copa_chi,W2-team-and-soccer,team-match,false,https://site.api.espn.com/apis/site/v2/leagues/dropdown?region=us&lang=en&sport=soccer,https://site.api.espn.com/apis/site/v2/sports/soccer/chi.copa_chi/scoreboard,,,,directory-only,requires-validation,https://site.api.espn.com/apis/site/v2/sports/soccer/chi.copa_chi/summary?event={providerEventId},not-tested,https://site.api.espn.com/apis/site/v2/sports/soccer/chi.copa_chi/teams,not-established,https://site.api.espn.com/apis/v2/sports/soccer/chi.copa_chi/standings,not-established,
soccer,Liga AUF Uruguaya,uru.1,espn:soccer:uru.1,W2-team-and-soccer,team-match,false,https://site.api.espn.com/apis/site/v2/leagues/dropdown?region=us&lang=en&sport=soccer,https://site.api.espn.com/apis/site/v2/sports/soccer/uru.1/scoreboard,,,,directory-only,requires-validation,https://site.api.espn.com/apis/site/v2/sports/soccer/uru.1/summary?event={providerEventId},not-tested,https://site.api.espn.com/apis/site/v2/sports/soccer/uru.1/teams,not-established,https://site.api.espn.com/apis/v2/sports/soccer/uru.1/standings,not-established,
soccer,Segunda División de Uruguay,uru.2,espn:soccer:uru.2,W2-team-and-soccer,team-match,false,https://site.api.espn.com/apis/site/v2/leagues/dropdown?region=us&lang=en&sport=soccer,https://site.api.espn.com/apis/site/v2/sports/soccer/uru.2/scoreboard,,,,directory-only,requires-validation,https://site.api.espn.com/apis/site/v2/sports/soccer/uru.2/summary?event={providerEventId},not-tested,https://site.api.espn.com/apis/site/v2/sports/soccer/uru.2/teams,not-established,https://site.api.espn.com/apis/v2/sports/soccer/uru.2/standings,not-established,
soccer,Colombian Superliga,col.superliga,espn:soccer:col.superliga,W2-team-and-soccer,team-match,false,https://site.api.espn.com/apis/site/v2/leagues/dropdown?region=us&lang=en&sport=soccer,https://site.api.espn.com/apis/site/v2/sports/soccer/col.superliga/scoreboard,,,,directory-only,requires-validation,https://site.api.espn.com/apis/site/v2/sports/soccer/col.superliga/summary?event={providerEventId},not-tested,https://site.api.espn.com/apis/site/v2/sports/soccer/col.superliga/teams,not-established,https://site.api.espn.com/apis/v2/sports/soccer/col.superliga/standings,not-established,
soccer,Colombian Primera A,col.1,espn:soccer:col.1,W2-team-and-soccer,team-match,false,https://site.api.espn.com/apis/site/v2/leagues/dropdown?region=us&lang=en&sport=soccer,https://site.api.espn.com/apis/site/v2/sports/soccer/col.1/scoreboard,,,,directory-only,requires-validation,https://site.api.espn.com/apis/site/v2/sports/soccer/col.1/summary?event={providerEventId},not-tested,https://site.api.espn.com/apis/site/v2/sports/soccer/col.1/teams,not-established,https://site.api.espn.com/apis/v2/sports/soccer/col.1/standings,not-established,
soccer,Copa Colombia,col.copa,espn:soccer:col.copa,W2-team-and-soccer,team-match,false,https://site.api.espn.com/apis/site/v2/leagues/dropdown?region=us&lang=en&sport=soccer,https://site.api.espn.com/apis/site/v2/sports/soccer/col.copa/scoreboard,,,,directory-only,requires-validation,https://site.api.espn.com/apis/site/v2/sports/soccer/col.copa/summary?event={providerEventId},not-tested,https://site.api.espn.com/apis/site/v2/sports/soccer/col.copa/teams,not-established,https://site.api.espn.com/apis/v2/sports/soccer/col.copa/standings,not-established,
soccer,Peruvian Liga 1,per.1,espn:soccer:per.1,W2-team-and-soccer,team-match,false,https://site.api.espn.com/apis/site/v2/leagues/dropdown?region=us&lang=en&sport=soccer,https://site.api.espn.com/apis/site/v2/sports/soccer/per.1/scoreboard,,,,directory-only,requires-validation,https://site.api.espn.com/apis/site/v2/sports/soccer/per.1/summary?event={providerEventId},not-tested,https://site.api.espn.com/apis/site/v2/sports/soccer/per.1/teams,not-established,https://site.api.espn.com/apis/v2/sports/soccer/per.1/standings,not-established,
soccer,Paraguayan Primera División,par.1,espn:soccer:par.1,W2-team-and-soccer,team-match,false,https://site.api.espn.com/apis/site/v2/leagues/dropdown?region=us&lang=en&sport=soccer,https://site.api.espn.com/apis/site/v2/sports/soccer/par.1/scoreboard,,,,directory-only,requires-validation,https://site.api.espn.com/apis/site/v2/sports/soccer/par.1/summary?event={providerEventId},not-tested,https://site.api.espn.com/apis/site/v2/sports/soccer/par.1/teams,not-established,https://site.api.espn.com/apis/v2/sports/soccer/par.1/standings,not-established,
soccer,Paraguayan Supercopa,par.1.supercopa,espn:soccer:par.1.supercopa,W2-team-and-soccer,team-match,false,https://site.api.espn.com/apis/site/v2/leagues/dropdown?region=us&lang=en&sport=soccer,https://site.api.espn.com/apis/site/v2/sports/soccer/par.1.supercopa/scoreboard,,,,directory-only,requires-validation,https://site.api.espn.com/apis/site/v2/sports/soccer/par.1.supercopa/summary?event={providerEventId},not-tested,https://site.api.espn.com/apis/site/v2/sports/soccer/par.1.supercopa/teams,not-established,https://site.api.espn.com/apis/v2/sports/soccer/par.1.supercopa/standings,not-established,
soccer,LigaPro Ecuador,ecu.1,espn:soccer:ecu.1,W2-team-and-soccer,team-match,false,https://site.api.espn.com/apis/site/v2/leagues/dropdown?region=us&lang=en&sport=soccer,https://site.api.espn.com/apis/site/v2/sports/soccer/ecu.1/scoreboard,,,,directory-only,requires-validation,https://site.api.espn.com/apis/site/v2/sports/soccer/ecu.1/summary?event={providerEventId},not-tested,https://site.api.espn.com/apis/site/v2/sports/soccer/ecu.1/teams,not-established,https://site.api.espn.com/apis/v2/sports/soccer/ecu.1/standings,not-established,
soccer,Venezuelan Primera División,ven.1,espn:soccer:ven.1,W2-team-and-soccer,team-match,false,https://site.api.espn.com/apis/site/v2/leagues/dropdown?region=us&lang=en&sport=soccer,https://site.api.espn.com/apis/site/v2/sports/soccer/ven.1/scoreboard,,,,directory-only,requires-validation,https://site.api.espn.com/apis/site/v2/sports/soccer/ven.1/summary?event={providerEventId},not-tested,https://site.api.espn.com/apis/site/v2/sports/soccer/ven.1/teams,not-established,https://site.api.espn.com/apis/v2/sports/soccer/ven.1/standings,not-established,
soccer,Bolivian Liga Profesional Promotion/Relegation Playoffs,bol.ply.rel,espn:soccer:bol.ply.rel,W2-team-and-soccer,team-match,false,https://site.api.espn.com/apis/site/v2/leagues/dropdown?region=us&lang=en&sport=soccer,https://site.api.espn.com/apis/site/v2/sports/soccer/bol.ply.rel/scoreboard,,,,directory-only,requires-validation,https://site.api.espn.com/apis/site/v2/sports/soccer/bol.ply.rel/summary?event={providerEventId},not-tested,https://site.api.espn.com/apis/site/v2/sports/soccer/bol.ply.rel/teams,not-established,https://site.api.espn.com/apis/v2/sports/soccer/bol.ply.rel/standings,not-established,
soccer,Copa Bolivia,bol.copa,espn:soccer:bol.copa,W2-team-and-soccer,team-match,false,https://site.api.espn.com/apis/site/v2/leagues/dropdown?region=us&lang=en&sport=soccer,https://site.api.espn.com/apis/site/v2/sports/soccer/bol.copa/scoreboard,,,,directory-only,requires-validation,https://site.api.espn.com/apis/site/v2/sports/soccer/bol.copa/summary?event={providerEventId},not-tested,https://site.api.espn.com/apis/site/v2/sports/soccer/bol.copa/teams,not-established,https://site.api.espn.com/apis/v2/sports/soccer/bol.copa/standings,not-established,
soccer,Bolivian Liga Profesional,bol.1,espn:soccer:bol.1,W2-team-and-soccer,team-match,false,https://site.api.espn.com/apis/site/v2/leagues/dropdown?region=us&lang=en&sport=soccer,https://site.api.espn.com/apis/site/v2/sports/soccer/bol.1/scoreboard,,,,directory-only,requires-validation,https://site.api.espn.com/apis/site/v2/sports/soccer/bol.1/summary?event={providerEventId},not-tested,https://site.api.espn.com/apis/site/v2/sports/soccer/bol.1/teams,not-established,https://site.api.espn.com/apis/v2/sports/soccer/bol.1/standings,not-established,
soccer,Japanese J.League,jpn.1,espn:soccer:jpn.1,W2-team-and-soccer,team-match,false,https://site.api.espn.com/apis/site/v2/leagues/dropdown?region=us&lang=en&sport=soccer,https://site.api.espn.com/apis/site/v2/sports/soccer/jpn.1/scoreboard,,,,directory-only,requires-validation,https://site.api.espn.com/apis/site/v2/sports/soccer/jpn.1/summary?event={providerEventId},not-tested,https://site.api.espn.com/apis/site/v2/sports/soccer/jpn.1/teams,not-established,https://site.api.espn.com/apis/v2/sports/soccer/jpn.1/standings,not-established,
soccer,Mexican Campeon de Campeones,mex.campeon,espn:soccer:mex.campeon,W2-team-and-soccer,team-match,false,https://site.api.espn.com/apis/site/v2/leagues/dropdown?region=us&lang=en&sport=soccer,https://site.api.espn.com/apis/site/v2/sports/soccer/mex.campeon/scoreboard,,,,directory-only,requires-validation,https://site.api.espn.com/apis/site/v2/sports/soccer/mex.campeon/summary?event={providerEventId},not-tested,https://site.api.espn.com/apis/site/v2/sports/soccer/mex.campeon/teams,not-established,https://site.api.espn.com/apis/v2/sports/soccer/mex.campeon/standings,not-established,
soccer,Concacaf Central American Cup,concacaf.central.american.cup,espn:soccer:concacaf.central.american.cup,W2-team-and-soccer,team-match,false,https://site.api.espn.com/apis/site/v2/leagues/dropdown?region=us&lang=en&sport=soccer,https://site.api.espn.com/apis/site/v2/sports/soccer/concacaf.central.american.cup/scoreboard,,,,directory-only,requires-validation,https://site.api.espn.com/apis/site/v2/sports/soccer/concacaf.central.american.cup/summary?event={providerEventId},not-tested,https://site.api.espn.com/apis/site/v2/sports/soccer/concacaf.central.american.cup/teams,not-established,https://site.api.espn.com/apis/v2/sports/soccer/concacaf.central.american.cup/standings,not-established,
soccer,CONCACAF Champions Cup,concacaf.champions_cup,espn:soccer:concacaf.champions_cup,W2-team-and-soccer,team-match,false,https://site.api.espn.com/apis/site/v2/leagues/dropdown?region=us&lang=en&sport=soccer,https://site.api.espn.com/apis/site/v2/sports/soccer/concacaf.champions_cup/scoreboard,,,,directory-only,requires-validation,https://site.api.espn.com/apis/site/v2/sports/soccer/concacaf.champions_cup/summary?event={providerEventId},not-tested,https://site.api.espn.com/apis/site/v2/sports/soccer/concacaf.champions_cup/teams,not-established,https://site.api.espn.com/apis/v2/sports/soccer/concacaf.champions_cup/standings,not-established,
soccer,CONCACAF U23 Tournament,concacaf.u23,espn:soccer:concacaf.u23,W2-team-and-soccer,team-match,false,https://site.api.espn.com/apis/site/v2/leagues/dropdown?region=us&lang=en&sport=soccer,https://site.api.espn.com/apis/site/v2/sports/soccer/concacaf.u23/scoreboard,,,,directory-only,requires-validation,https://site.api.espn.com/apis/site/v2/sports/soccer/concacaf.u23/summary?event={providerEventId},not-tested,https://site.api.espn.com/apis/site/v2/sports/soccer/concacaf.u23/teams,not-established,https://site.api.espn.com/apis/v2/sports/soccer/concacaf.u23/standings,not-established,
soccer,Honduran Liga Nacional,hon.1,espn:soccer:hon.1,W2-team-and-soccer,team-match,false,https://site.api.espn.com/apis/site/v2/leagues/dropdown?region=us&lang=en&sport=soccer,https://site.api.espn.com/apis/site/v2/sports/soccer/hon.1/scoreboard,,,,directory-only,requires-validation,https://site.api.espn.com/apis/site/v2/sports/soccer/hon.1/summary?event={providerEventId},not-tested,https://site.api.espn.com/apis/site/v2/sports/soccer/hon.1/teams,not-established,https://site.api.espn.com/apis/v2/sports/soccer/hon.1/standings,not-established,
soccer,Costa Rican Primera Division,crc.1,espn:soccer:crc.1,W2-team-and-soccer,team-match,false,https://site.api.espn.com/apis/site/v2/leagues/dropdown?region=us&lang=en&sport=soccer,https://site.api.espn.com/apis/site/v2/sports/soccer/crc.1/scoreboard,,,,directory-only,requires-validation,https://site.api.espn.com/apis/site/v2/sports/soccer/crc.1/summary?event={providerEventId},not-tested,https://site.api.espn.com/apis/site/v2/sports/soccer/crc.1/teams,not-established,https://site.api.espn.com/apis/v2/sports/soccer/crc.1/standings,not-established,
soccer,Guatemalan Liga Nacional,gua.1,espn:soccer:gua.1,W2-team-and-soccer,team-match,false,https://site.api.espn.com/apis/site/v2/leagues/dropdown?region=us&lang=en&sport=soccer,https://site.api.espn.com/apis/site/v2/sports/soccer/gua.1/scoreboard,,,,directory-only,requires-validation,https://site.api.espn.com/apis/site/v2/sports/soccer/gua.1/summary?event={providerEventId},not-tested,https://site.api.espn.com/apis/site/v2/sports/soccer/gua.1/teams,not-established,https://site.api.espn.com/apis/v2/sports/soccer/gua.1/standings,not-established,
soccer,Salvadoran Primera Division,slv.1,espn:soccer:slv.1,W2-team-and-soccer,team-match,false,https://site.api.espn.com/apis/site/v2/leagues/dropdown?region=us&lang=en&sport=soccer,https://site.api.espn.com/apis/site/v2/sports/soccer/slv.1/scoreboard,,,,directory-only,requires-validation,https://site.api.espn.com/apis/site/v2/sports/soccer/slv.1/summary?event={providerEventId},not-tested,https://site.api.espn.com/apis/site/v2/sports/soccer/slv.1/teams,not-established,https://site.api.espn.com/apis/v2/sports/soccer/slv.1/standings,not-established,
soccer,Intercontinental Cup (India),fifa.intercontinental.cup,espn:soccer:fifa.intercontinental.cup,W2-team-and-soccer,team-match,false,https://site.api.espn.com/apis/site/v2/leagues/dropdown?region=us&lang=en&sport=soccer,https://site.api.espn.com/apis/site/v2/sports/soccer/fifa.intercontinental.cup/scoreboard,,,,directory-only,requires-validation,https://site.api.espn.com/apis/site/v2/sports/soccer/fifa.intercontinental.cup/summary?event={providerEventId},not-tested,https://site.api.espn.com/apis/site/v2/sports/soccer/fifa.intercontinental.cup/teams,not-established,https://site.api.espn.com/apis/v2/sports/soccer/fifa.intercontinental.cup/standings,not-established,
soccer,SAFF Championship,afc.saff.championship,espn:soccer:afc.saff.championship,W2-team-and-soccer,team-match,false,https://site.api.espn.com/apis/site/v2/leagues/dropdown?region=us&lang=en&sport=soccer,https://site.api.espn.com/apis/site/v2/sports/soccer/afc.saff.championship/scoreboard,,,,directory-only,requires-validation,https://site.api.espn.com/apis/site/v2/sports/soccer/afc.saff.championship/summary?event={providerEventId},not-tested,https://site.api.espn.com/apis/site/v2/sports/soccer/afc.saff.championship/teams,not-established,https://site.api.espn.com/apis/v2/sports/soccer/afc.saff.championship/standings,not-established,
soccer,Chinese Super League Promotion/Relegation Playoffs,chn.1.promotion.relegation,espn:soccer:chn.1.promotion.relegation,W2-team-and-soccer,team-match,false,https://site.api.espn.com/apis/site/v2/leagues/dropdown?region=us&lang=en&sport=soccer,https://site.api.espn.com/apis/site/v2/sports/soccer/chn.1.promotion.relegation/scoreboard,,,,directory-only,requires-validation,https://site.api.espn.com/apis/site/v2/sports/soccer/chn.1.promotion.relegation/summary?event={providerEventId},not-tested,https://site.api.espn.com/apis/site/v2/sports/soccer/chn.1.promotion.relegation/teams,not-established,https://site.api.espn.com/apis/v2/sports/soccer/chn.1.promotion.relegation/standings,not-established,
soccer,Indian Super League,ind.1,espn:soccer:ind.1,W2-team-and-soccer,team-match,false,https://site.api.espn.com/apis/site/v2/leagues/dropdown?region=us&lang=en&sport=soccer,https://site.api.espn.com/apis/site/v2/sports/soccer/ind.1/scoreboard,,,,directory-only,requires-validation,https://site.api.espn.com/apis/site/v2/sports/soccer/ind.1/summary?event={providerEventId},not-tested,https://site.api.espn.com/apis/site/v2/sports/soccer/ind.1/teams,not-established,https://site.api.espn.com/apis/v2/sports/soccer/ind.1/standings,not-established,
soccer,Arabian Gulf Cup,global.gulf_cup,espn:soccer:global.gulf_cup,W2-team-and-soccer,team-match,false,https://site.api.espn.com/apis/site/v2/leagues/dropdown?region=us&lang=en&sport=soccer,https://site.api.espn.com/apis/site/v2/sports/soccer/global.gulf_cup/scoreboard,,,,directory-only,requires-validation,https://site.api.espn.com/apis/site/v2/sports/soccer/global.gulf_cup/summary?event={providerEventId},not-tested,https://site.api.espn.com/apis/site/v2/sports/soccer/global.gulf_cup/teams,not-established,https://site.api.espn.com/apis/v2/sports/soccer/global.gulf_cup/standings,not-established,
soccer,COSAFA Cup,caf.cosafa,espn:soccer:caf.cosafa,W2-team-and-soccer,team-match,false,https://site.api.espn.com/apis/site/v2/leagues/dropdown?region=us&lang=en&sport=soccer,https://site.api.espn.com/apis/site/v2/sports/soccer/caf.cosafa/scoreboard,,,,directory-only,requires-validation,https://site.api.espn.com/apis/site/v2/sports/soccer/caf.cosafa/summary?event={providerEventId},not-tested,https://site.api.espn.com/apis/site/v2/sports/soccer/caf.cosafa/teams,not-established,https://site.api.espn.com/apis/v2/sports/soccer/caf.cosafa/standings,not-established,
soccer,CAF Champions League,caf.champions,espn:soccer:caf.champions,W2-team-and-soccer,team-match,false,https://site.api.espn.com/apis/site/v2/leagues/dropdown?region=us&lang=en&sport=soccer,https://site.api.espn.com/apis/site/v2/sports/soccer/caf.champions/scoreboard,,,,directory-only,requires-validation,https://site.api.espn.com/apis/site/v2/sports/soccer/caf.champions/summary?event={providerEventId},not-tested,https://site.api.espn.com/apis/site/v2/sports/soccer/caf.champions/teams,not-established,https://site.api.espn.com/apis/v2/sports/soccer/caf.champions/standings,not-established,
soccer,CAF Confederation Cup,caf.confed,espn:soccer:caf.confed,W2-team-and-soccer,team-match,false,https://site.api.espn.com/apis/site/v2/leagues/dropdown?region=us&lang=en&sport=soccer,https://site.api.espn.com/apis/site/v2/sports/soccer/caf.confed/scoreboard,,,,directory-only,requires-validation,https://site.api.espn.com/apis/site/v2/sports/soccer/caf.confed/summary?event={providerEventId},not-tested,https://site.api.espn.com/apis/site/v2/sports/soccer/caf.confed/teams,not-established,https://site.api.espn.com/apis/v2/sports/soccer/caf.confed/standings,not-established,
soccer,South African Premiership,rsa.1,espn:soccer:rsa.1,W2-team-and-soccer,team-match,false,https://site.api.espn.com/apis/site/v2/leagues/dropdown?region=us&lang=en&sport=soccer,https://site.api.espn.com/apis/site/v2/sports/soccer/rsa.1/scoreboard,,,,directory-only,requires-validation,https://site.api.espn.com/apis/site/v2/sports/soccer/rsa.1/summary?event={providerEventId},not-tested,https://site.api.espn.com/apis/site/v2/sports/soccer/rsa.1/teams,not-established,https://site.api.espn.com/apis/v2/sports/soccer/rsa.1/standings,not-established,
soccer,NCAA Men's Soccer,usa.ncaa.m.1,espn:soccer:usa.ncaa.m.1,W2-team-and-soccer,team-match,true,https://site.api.espn.com/apis/site/v2/leagues/dropdown?region=us&lang=en&sport=soccer,https://site.api.espn.com/apis/site/v2/sports/soccer/usa.ncaa.m.1/scoreboard,,,,directory-only,requires-validation,https://site.api.espn.com/apis/site/v2/sports/soccer/usa.ncaa.m.1/summary?event={providerEventId},not-tested,https://site.api.espn.com/apis/site/v2/sports/soccer/usa.ncaa.m.1/teams,not-established,https://site.api.espn.com/apis/v2/sports/soccer/usa.ncaa.m.1/standings,not-established,
soccer,NCAA Women's Soccer,usa.ncaa.w.1,espn:soccer:usa.ncaa.w.1,W2-team-and-soccer,team-match,true,https://site.api.espn.com/apis/site/v2/leagues/dropdown?region=us&lang=en&sport=soccer,https://site.api.espn.com/apis/site/v2/sports/soccer/usa.ncaa.w.1/scoreboard,,,,directory-only,requires-validation,https://site.api.espn.com/apis/site/v2/sports/soccer/usa.ncaa.w.1/summary?event={providerEventId},not-tested,https://site.api.espn.com/apis/site/v2/sports/soccer/usa.ncaa.w.1/teams,not-established,https://site.api.espn.com/apis/v2/sports/soccer/usa.ncaa.w.1/standings,not-established,
soccer,Mexican Liga BBVA MX Femenil,mex.w.1,espn:soccer:mex.w.1,W2-team-and-soccer,team-match,false,https://site.api.espn.com/apis/site/v2/leagues/dropdown?region=us&lang=en&sport=soccer,https://site.api.espn.com/apis/site/v2/sports/soccer/mex.w.1/scoreboard,,,,directory-only,requires-validation,https://site.api.espn.com/apis/site/v2/sports/soccer/mex.w.1/summary?event={providerEventId},not-tested,https://site.api.espn.com/apis/site/v2/sports/soccer/mex.w.1/teams,not-established,https://site.api.espn.com/apis/v2/sports/soccer/mex.w.1/standings,not-established,
volleyball,NCAA Men's Volleyball,mens-college-volleyball,espn:volleyball:mens-college-volleyball,W3-new-sports,team-sets,true,https://site.api.espn.com/apis/site/v2/leagues/dropdown?region=us&lang=en&sport=volleyball,https://site.api.espn.com/apis/site/v2/sports/volleyball/mens-college-volleyball/scoreboard,401870476,2026-05-11T23:00Z,provider-samples/volleyball--mens-college-volleyball.json,sample-returned,requires-validation,https://site.api.espn.com/apis/site/v2/sports/volleyball/mens-college-volleyball/summary?event=401870476,not-tested,https://site.api.espn.com/apis/site/v2/sports/volleyball/mens-college-volleyball/teams,not-established,https://site.api.espn.com/apis/v2/sports/volleyball/mens-college-volleyball/standings,not-established,
volleyball,NCAA Women's Volleyball,womens-college-volleyball,espn:volleyball:womens-college-volleyball,W3-new-sports,team-sets,true,https://site.api.espn.com/apis/site/v2/leagues/dropdown?region=us&lang=en&sport=volleyball,https://site.api.espn.com/apis/site/v2/sports/volleyball/womens-college-volleyball/scoreboard,401890102,2026-09-24T22:00Z,provider-samples/volleyball--womens-college-volleyball.json,sample-returned,requires-validation,https://site.api.espn.com/apis/site/v2/sports/volleyball/womens-college-volleyball/summary?event=401890102,200,https://site.api.espn.com/apis/site/v2/sports/volleyball/womens-college-volleyball/teams,50,https://site.api.espn.com/apis/v2/sports/volleyball/womens-college-volleyball/standings,True,
water-polo,NCAA Men's Water Polo,mens-college-water-polo,espn:water-polo:mens-college-water-polo,W3-new-sports,team-match,true,https://site.api.espn.com/apis/site/v2/leagues/dropdown?region=us&lang=en&sport=water-polo,https://site.api.espn.com/apis/site/v2/sports/water-polo/mens-college-water-polo/scoreboard,401838421,2025-12-07T23:00Z,provider-samples/water-polo--mens-college-water-polo.json,sample-returned,requires-validation,https://site.api.espn.com/apis/site/v2/sports/water-polo/mens-college-water-polo/summary?event=401838421,200,https://site.api.espn.com/apis/site/v2/sports/water-polo/mens-college-water-polo/teams,0,https://site.api.espn.com/apis/v2/sports/water-polo/mens-college-water-polo/standings,False,Returned event predates 2026; validate current coverage or legitimate tournament cycle
water-polo,NCAA Women's Water Polo,womens-college-water-polo,espn:water-polo:womens-college-water-polo,W3-new-sports,team-match,true,https://site.api.espn.com/apis/site/v2/leagues/dropdown?region=us&lang=en&sport=water-polo,https://site.api.espn.com/apis/site/v2/sports/water-polo/womens-college-water-polo/scoreboard,401868986,2026-04-27T01:00Z,provider-samples/water-polo--womens-college-water-polo.json,sample-returned,requires-validation,https://site.api.espn.com/apis/site/v2/sports/water-polo/womens-college-water-polo/summary?event=401868986,not-tested,https://site.api.espn.com/apis/site/v2/sports/water-polo/womens-college-water-polo/teams,not-established,https://site.api.espn.com/apis/v2/sports/water-polo/womens-college-water-polo/standings,not-established,
